chr,pos,variation,variant_type,snp_id,clinical_significance,validation_status,function_class,gene,frequency,,,,,,,,,,,,,,,,,,,,,,,,
22,35381192,"G>A,C",snv,2071747,benign,by-frequency;by-alfa;by-cluster,missense_variant;coding_sequence_variant,HMOX1,C:0.036342:182:1000Genomes,C:0.034197:219:1000Genomes_30X,C:0.055527:214:ALSPAC,C:0.061607:276:Estonian,C:0.07393:1085:ExAC,C:0.075:3:GENOME_DK,C:0.041379:6178:GnomAD_genomes,C:0.029947:336:GoESP,C:0.04878:16:HapMap,C:0.088356:258:KOREAN,C:0.080963:148:Korea1K,C:0.083264:602:Korea4K,C:0.075:45:NorthernSweden,C:0.05102:40:PRJEB37584,C:0.018519:4:Qatari,G:0.5:15:SGDP_PRJ,G:0.5:2:Siberian,C:0.086824:6724:TOMMO,C:0.053937:200:TWINSUK,C:0.018868:4:Vietnamese,C:0.033601:1120:ALFA,,,,
22,35386666,C>T,snv,17879606,benign,by-frequency;by-alfa;by-cluster,intron_variant,HMOX1,T:0.0229633:115:1000Genomes,T:0.0227983:146:1000Genomes_30X,T:0.0480021:185:ALSPAC,T:0.0214286:96:Estonian,T:0.0358932:4257:ExAC,T:0.0205479:6:FINRISK,T:0.05:2:GENOME_DK,T:0.0447937:62764:GnomAD_exomes,T:0.0366378:5469:GnomAD_genomes,T:0.0430571:560:GoESP,T:0.0380762:38:GoNL,T:0.0655431:35:MGP,T:0.035:21:NorthernSweden,T:0.0462963:10:Qatari,C:0.4736842:18:SGDP_PRJ,C:0.5:1:Siberian,T:0.0404511:10707:TOPMED,T:0.0609493:226:TWINSUK,T:0.0415216:1312:ALFA,,,,,,
22,35383230,"T>A,C",snv,17885925,benign,by-frequency;by-alfa;by-cluster,intron_variant,HMOX1,C:0.02296:115:1000Genomes,C:0.0228:146:1000Genomes_30X,C:0.048:185:ALSPAC,C:0.02165:97:Estonian,C:0.01974:6:FINRISK,C:0.05:2:GENOME_DK,C:0.04329:563:GoESP,C:0.03808:38:GoNL,C:0.06554:35:MGP,C:0.035:21:NorthernSweden,C:0.0463:10:Qatari,T:0.47368:18:SGDP_PRJ,T:0.5:1:Siberian,C:0.06095:226:TWINSUK,C:0.00463:1:Vietnamese,C:0.03789:2936:ALFA,,,,,,,,,
22,35381192,"G>A,C",snv,2071747,benign,by-frequency;by-alfa;by-cluster,missense_variant;coding_sequence_variant,HMOX1,C:0.036342:182:1000Genomes,C:0.034197:219:1000Genomes_30X,C:0.055527:214:ALSPAC,C:0.061607:276:Estonian,C:0.07393:1085:ExAC,C:0.075:3:GENOME_DK,C:0.041379:6178:GnomAD_genomes,C:0.029947:336:GoESP,C:0.04878:16:HapMap,C:0.088356:258:KOREAN,C:0.080963:148:Korea1K,C:0.083264:602:Korea4K,C:0.075:45:NorthernSweden,C:0.05102:40:PRJEB37584,C:0.018519:4:Qatari,G:0.5:15:SGDP_PRJ,G:0.5:2:Siberian,C:0.086824:6724:TOMMO,C:0.053937:200:TWINSUK,C:0.018868:4:Vietnamese,C:0.033601:1120:ALFA,,,,
22,35381192,"G>A,C",snv,2071747,benign,by-frequency;by-alfa;by-cluster,missense_variant;coding_sequence_variant,HMOX1,C:0.036342:182:1000Genomes,C:0.034197:219:1000Genomes_30X,C:0.055527:214:ALSPAC,C:0.061607:276:Estonian,C:0.07393:1085:ExAC,C:0.075:3:GENOME_DK,C:0.041379:6178:GnomAD_genomes,C:0.029947:336:GoESP,C:0.04878:16:HapMap,C:0.088356:258:KOREAN,C:0.080963:148:Korea1K,C:0.083264:602:Korea4K,C:0.075:45:NorthernSweden,C:0.05102:40:PRJEB37584,C:0.018519:4:Qatari,G:0.5:15:SGDP_PRJ,G:0.5:2:Siberian,C:0.086824:6724:TOMMO,C:0.053937:200:TWINSUK,C:0.018868:4:Vietnamese,C:0.033601:1120:ALFA,,,,
22,35392916,"C>A,G,T",snv,2003038,,by-frequency;by-alfa;by-cluster,intron_variant,HMOX1,T:0.300919:1507:1000Genomes,T:0.292786:1875:1000Genomes_30X,T:0.316554:1220:ALSPAC,T:0.358259:1605:Estonian,T:0.4:16:GENOME_DK,T:0.277965:41340:GnomAD_genomes,T:0.313627:313:GoNL,T:0.406485:1191:KOREAN,T:0.394577:2852:Korea4K,T:0.356667:214:NorthernSweden,T:0.365741:79:Qatari,C:0.38255:114:SGDP_PRJ,C:0.464286:13:Siberian,T:0.401464:31091:TOMMO,T:0.260796:69030:TOPMED,T:0.316613:1174:TWINSUK,T:0.481132:102:Vietnamese,T:0.19718:2699:ALFA,,,,,,,
22,35381625,"G>A,T",snv,2071748,,by-frequency;by-alfa;by-cluster,intron_variant,HMOX1,A:0.490615:2457:1000Genomes,A:0.490943:3144:1000Genomes_30X,A:0.363778:1402:ALSPAC,A:0.41875:469:Daghestan,A:0.377679:1692:Estonian,A:0.45:18:GENOME_DK,A:0.44428:66124:GnomAD_genomes,A:0.350701:350:GoNL,G:0.497354:940:HapMap,A:0.453925:1330:KOREAN,A:0.44869:822:Korea1K,A:0.450083:3255:Korea4K,A:0.39:234:NorthernSweden,A:0.473861:37291:PAGE_STUDY,A:0.378378:28:PRJEB36033,G:0.454545:330:PRJEB37584,A:0.474576:448:PharmGKB,G:0.481481:104:Qatari,G:0.333333:128:SGDP_PRJ,G:0.40625:13:Siberian,A:0.455206:35253:TOMMO,A:0.443814:117473:TOPMED,A:0.375944:1394:TWINSUK,G:0.458333:99:Vietnamese,A:0.375407:91775:ALFA
22,35387420,"A>C,G,T",snv,2071749,,by-frequency;by-alfa;by-cluster,intron_variant,HMOX1,A:0.309904:1552:1000Genomes,A:0.308713:1977:1000Genomes_30X,A:0.477945:1842:ALSPAC,G:0.394569:247:Chileans,A:0.479687:2149:Estonian,A:0.425:17:GENOME_DK,A:0.365105:54451:GnomAD_genomes,G:0.498998:498:GoNL,A:0.377639:787:HGDP_Stanford,A:0.268538:507:HapMap,T:0.:0:KOREAN,A:0.311135:570:Korea1K,A:0.307522:2224:Korea4K,A:0.455:273:NorthernSweden,G:0.222222:4:PRJEB36033,A:0.215054:160:PRJEB37584,A:0.349894:331:PharmGKB,A:0.319444:69:Qatari,A:0.235294:112:SGDP_PRJ,A:0.325:13:Siberian,A:0.345346:26745:TOMMO,A:0.364532:96488:TOPMED,A:0.461974:1713:TWINSUK,A:0.305556:66:Vietnamese,A:0.437246:42579:ALFA
22,35390189,"A>C,G,T",snv,2269533,,by-frequency;by-alfa;by-cluster,intron_variant,HMOX1,A:0.470847:2358:1000Genomes,A:0.472829:3028:1000Genomes_30X,G:0.420861:1622:ALSPAC,G:0.290735:182:Chileans,G:0.44375:1988:Estonian,A:0.475:19:GENOME_DK,G:0.490651:73051:GnomAD_genomes,G:0.3998:399:GoNL,A:0.474736:808:HapMap,A:0.484642:1420:KOREAN,A:0.48686:3520:Korea4K,G:0.465:279:NorthernSweden,A:0.379765:259:PRJEB37584,A:0.462963:100:Qatari,A:0.31:124:SGDP_PRJ,A:0.382353:13:Siberian,A:0.486403:37669:TOMMO,G:0.489406:129541:TOPMED,G:0.433387:1607:TWINSUK,A:0.457944:98:Vietnamese,G:0.432653:70827:ALFA,,,,
22,35390233,"T>A,C",snv,2269534,,by-frequency;by-alfa;by-cluster,intron_variant,HMOX1,C:0.30631:1534:1000Genomes,C:0.315516:1216:ALSPAC,C:0.361322:1618:Estonian,C:0.4:16:GENOME_DK,C:0.352495:103061:GnomAD_exomes,C:0.282808:42101:GnomAD_genomes,C:0.314629:314:GoNL,C:0.411604:1206:KOREAN,C:0.401882:2904:Korea4K,C:0.355:213:NorthernSweden,C:0.365741:79:Qatari,T:0.384106:116:SGDP_PRJ,T:0.4375:14:Siberian,C:0.407107:31528:TOMMO,C:0.265061:70159:TOPMED,C:0.317422:1177:TWINSUK,C:0.288698:5114:ALFA,,,,,,,,
22,35393270,"A>G,T",snv,2285112,,by-frequency;by-alfa;by-cluster,intron_variant,HMOX1,A:0.48722:2440:1000Genomes,A:0.485478:3109:1000Genomes_30X,G:0.373638:1440:ALSPAC,G:0.257188:161:Chileans,G:0.386384:1731:Estonian,G:0.45:18:GENOME_DK,G:0.465866:69401:GnomAD_genomes,G:0.363727:363:GoNL,G:0.453321:942:HGDP_Stanford,A:0.465499:877:HapMap,G:0.450853:1321:KOREAN,G:0.444844:3218:Korea4K,G:0.396667:238:NorthernSweden,A:0.5:36:PRJEB36033,A:0.444444:96:Qatari,A:0.316327:124:SGDP_PRJ,A:0.40625:13:Siberian,G:0.4511:34935:TOMMO,G:0.466984:123606:TOPMED,G:0.383495:1422:TWINSUK,A:0.457547:97:Vietnamese,G:0.396982:64947:ALFA,,,
22,35391337,G>A,snv,2413346,,by-frequency;by-alfa;by-cluster,intron_variant,HMOX1,A:0.03135:157:1000Genomes,A:0.030294:194:1000Genomes_30X,A:0.065042:291:Estonian,A:0.041806:6221:GnomAD_genomes,A:0.052104:52:GoNL,A:0.05989:175:KOREAN,A:0.054039:99:Korea1K,A:0.060149:435:Korea4K,A:0.068333:41:NorthernSweden,A:0.018519:4:Qatari,G:0.5:12:SGDP_PRJ,G:0.5:1:Siberian,A:0.057695:4468:TOMMO,A:0.04101:10855:TOPMED,A:0.051525:973:ALFA,,,,,,,,,,
22,35389675,->T,ins,3216831,,by-frequency;by-alfa;by-cluster,intron_variant,HMOX1,T:0.490415:2456:1000Genomes,T:0.490943:3144:1000Genomes_30X,T:0.363518:1401:ALSPAC,T:0.382589:1714:Estonian,T:0.45:18:GENOME_DK,T:0.442502:65593:GnomAD_genomes,T:0.354709:354:GoNL,-:0.25:2:KOREAN,T:0.447598:820:Korea1K,T:0.4483:3243:Korea4K,T:0.39:234:NorthernSweden,T:0.454561:35203:TOMMO,T:0.443107:117286:TOPMED,T:0.376753:1397:TWINSUK,T:0.419276:7765:ALFA,,,,,,,,,,
22,35381991,"A>C,T",snv,4820192,,by-frequency;by-alfa;by-cluster,intron_variant,HMOX1,C:0.285144:1428:1000Genomes,C:0.27842:1783:1000Genomes_30X,C:0.3137:1209:ALSPAC,C:0.356696:1598:Estonian,C:0.4:16:GENOME_DK,C:0.310621:310:GoNL,C:0.410239:1202:KOREAN,C:0.400028:2893:Korea4K,C:0.355:213:NorthernSweden,C:0.205521:16172:PAGE_STUDY,C:0.216216:16:PRJEB36033,C:0.319444:69:Qatari,A:0.384892:107:SGDP_PRJ,A:0.4375:14:Siberian,C:0.407546:31562:TOMMO,C:0.239684:63442:TOPMED,C:0.313107:1161:TWINSUK,A:0.49537:107:Vietnamese,C:0.190943:3411:ALFA,,,,,,
22,35389215,C>T,snv,5750103,,by-frequency;by-alfa;by-cluster,intron_variant,HMOX1,T:0.485224:2430:1000Genomes,T:0.101402:10878:GnomAD_genomes,T:0.339679:339:GoNL,T:0.488737:1432:KOREAN,T:0.072414:42:NorthernSweden,T:0.472222:102:Qatari,C:0.33:132:SGDP_PRJ,C:0.4:12:Siberian,T:0.191907:14028:TOMMO,T:0.115035:557:ALFA,,,,,,,,,,,,,,,
22,35389430,"A>C,G,T",snv,5750104,,by-frequency;by-alfa;by-cluster,intron_variant,HMOX1,A:0.45168:2262:1000Genomes,T:0.45563:1756:ALSPAC,T:0.30667:10025:GnomAD_genomes,T:0.08566:49:NorthernSweden,A:0.40278:87:Qatari,A:0.31218:123:SGDP_PRJ,A:0.36667:11:Siberian,T:0.16579:10759:TOMMO,T:0.46143:1711:TWINSUK,G:0.:0:ALFA,,,,,,,,,,,,,,,
22,35390720,A>C,snv,5755717,,by-frequency;by-alfa;by-cluster,intron_variant,HMOX1,C:0.305112:1528:1000Genomes,C:0.298876:1914:1000Genomes_30X,C:0.30877:1190:ALSPAC,C:0.359598:1611:Estonian,C:0.375:15:GENOME_DK,C:0.283921:41942:GnomAD_genomes,C:0.313627:313:GoNL,C:0.412287:1208:KOREAN,C:0.402517:2911:Korea4K,C:0.353333:212:NorthernSweden,C:0.365741:79:Qatari,A:0.384106:116:SGDP_PRJ,A:0.4375:14:Siberian,C:0.407068:31525:TOMMO,C:0.265069:70161:TOPMED,C:0.31014:1150:TWINSUK,C:0.308962:6385:ALFA,,,,,,,,
22,35390729,T>C,snv,5755718,,by-frequency;by-alfa;by-cluster,intron_variant,HMOX1,C:0.489417:2451:1000Genomes,C:0.491099:3145:1000Genomes_30X,C:0.360664:1390:ALSPAC,C:0.381027:1707:Estonian,C:0.45:18:GENOME_DK,C:0.443254:65942:GnomAD_genomes,C:0.353707:353:GoNL,C:0.45529:1334:KOREAN,C:0.446507:818:Korea1K,C:0.450636:3259:Korea4K,C:0.39:234:NorthernSweden,T:0.481481:104:Qatari,T:0.324742:126:SGDP_PRJ,T:0.40625:13:Siberian,C:0.454703:35214:TOMMO,C:0.44319:117308:TOPMED,C:0.373786:1386:TWINSUK,C:0.422998:9531:ALFA,,,,,,,
22,35390748,T>C,snv,5755719,,by-frequency;by-alfa;by-cluster,intron_variant,HMOX1,C:0.305312:1529:1000Genomes,C:0.298876:1914:1000Genomes_30X,C:0.313181:1207:ALSPAC,C:0.361161:1618:Estonian,C:0.4:16:GENOME_DK,C:0.28253:42097:GnomAD_genomes,C:0.313627:313:GoNL,C:0.410922:1204:KOREAN,C:0.402351:2909:Korea4K,C:0.355:213:NorthernSweden,C:0.365741:79:Qatari,T:0.384106:116:SGDP_PRJ,T:0.4375:14:Siberian,C:0.407249:31539:TOMMO,C:0.265035:70152:TOPMED,C:0.313646:1163:TWINSUK,T:0.5:106:Vietnamese,C:0.309158:5840:ALFA,,,,,,,
22,35390880,A>G,snv,5755720,,by-frequency;by-alfa;by-cluster,intron_variant,HMOX1,G:0.30631:1534:1000Genomes,G:0.298876:1914:1000Genomes_30X,G:0.316554:1220:ALSPAC,G:0.360938:1617:Estonian,G:0.4:16:GENOME_DK,G:0.282502:42103:GnomAD_genomes,G:0.314629:314:GoNL,G:0.32853:684:HGDP_Stanford,G:0.284355:538:HapMap,G:0.411604:1206:KOREAN,G:0.401299:2903:Korea4K,G:0.355:213:NorthernSweden,G:0.21875:14:PRJEB36033,G:0.365741:79:Qatari,A:0.383333:115:SGDP_PRJ,A:0.4375:14:Siberian,G:0.40721:31536:TOMMO,G:0.265129:70177:TOPMED,G:0.316882:1175:TWINSUK,A:0.490566:104:Vietnamese,G:0.310441:62960:ALFA,,,,
22,35382968,"A>C,G",snv,5995097,,by-frequency;by-alfa;by-cluster,intron_variant,HMOX1,C:0.035743:179:1000Genomes,C:0.033729:216:1000Genomes_30X,C:0.054748:211:ALSPAC,C:0.06183:277:Estonian,C:0.075:3:GENOME_DK,C:0.041447:6188:GnomAD_genomes,C:0.047094:47:GoNL,C:0.04334:82:HapMap,C:0.081793:239:KOREAN,C:0.076965:141:Korea1K,C:0.079209:573:Korea4K,C:0.039326:21:MGP,C:0.075:45:NorthernSweden,C:0.030655:29:PharmGKB,C:0.018519:4:Qatari,A:0.5:15:SGDP_PRJ,A:0.5:2:Siberian,C:0.071432:5532:TOMMO,C:0.040568:10738:TOPMED,C:0.054477:202:TWINSUK,C:0.018692:4:Vietnamese,C:0.048731:1233:ALFA,,,
22,35391174,"C>A,G,T",snv,5995098,,by-frequency;by-alfa;by-cluster,intron_variant,HMOX1,G:0.30631:1534:1000Genomes,G:0.29872:1913:1000Genomes_30X,G:0.316554:1220:ALSPAC,G:0.360938:1617:Estonian,G:0.425:17:GENOME_DK,G:0.313627:313:GoNL,G:0.253049:83:HapMap,T:0.:0:KOREAN,G:0.401161:2902:Korea4K,G:0.355:213:NorthernSweden,G:0.365741:79:Qatari,C:0.384106:116:SGDP_PRJ,C:0.4375:14:Siberian,G:0.40712:31529:TOMMO,G:0.265027:70150:TOPMED,G:0.317152:1176:TWINSUK,C:0.481132:102:Vietnamese,T:0.:0:ALFA,,,,,,,
22,35391242,C>T,snv,5995099,,by-frequency;by-alfa;by-cluster,intron_variant,HMOX1,T:0.30631:1534:1000Genomes,T:0.298876:1914:1000Genomes_30X,T:0.361384:1619:Estonian,T:0.283022:42039:GnomAD_genomes,T:0.313627:313:GoNL,T:0.411604:1206:KOREAN,T:0.40307:2915:Korea4K,T:0.365741:79:Qatari,C:0.384106:116:SGDP_PRJ,C:0.4375:14:Siberian,T:0.407223:31537:TOMMO,T:0.265212:70199:TOPMED,T:0.309212:8606:ALFA,,,,,,,,,,,,
22,35391327,"A>C,G,T",snv,5995100,,by-frequency;by-alfa;by-cluster,intron_variant,HMOX1,G:0.30651:1535:1000Genomes,G:0.298876:1914:1000Genomes_30X,G:0.365788:1638:Estonian,G:0.2841:41911:GnomAD_genomes,G:0.312625:312:GoNL,G:0.413251:1210:KOREAN,G:0.40224:2909:Korea4K,G:0.378333:227:NorthernSweden,G:0.365741:79:Qatari,A:0.384106:116:SGDP_PRJ,A:0.416667:5:Siberian,G:0.408992:31674:TOMMO,G:0.265016:70147:TOPMED,T:0.:0:ALFA,,,,,,,,,,,
22,35391625,"G>A,C,T",snv,5995101,,by-frequency;by-alfa;by-cluster,intron_variant,HMOX1,A:0.306709:1536:1000Genomes,A:0.29872:1913:1000Genomes_30X,A:0.316035:1218:ALSPAC,A:0.339424:1486:Estonian,A:0.4:16:GENOME_DK,A:0.297015:31818:GnomAD_genomes,A:0.409713:1198:KOREAN,A:0.392796:2770:Korea4K,A:0.352941:204:NorthernSweden,A:0.365741:79:Qatari,G:0.383333:115:SGDP_PRJ,G:0.466667:14:Siberian,A:0.394207:30242:TOMMO,A:0.316613:1174:TWINSUK,T:0.:0:ALFA,,,,,,,,,,
22,35390713,A>G,snv,5999815,,by-frequency;by-alfa;by-cluster,intron_variant,HMOX1,G:0.305112:1528:1000Genomes,G:0.29872:1913:1000Genomes_30X,G:0.310067:1195:ALSPAC,G:0.359821:1612:Estonian,G:0.375:15:GENOME_DK,G:0.281874:41949:GnomAD_genomes,G:0.314629:314:GoNL,G:0.411263:1205:KOREAN,G:0.402544:2912:Korea4K,G:0.355:213:NorthernSweden,G:0.241359:18994:PAGE_STUDY,G:0.365741:79:Qatari,A:0.384106:116:SGDP_PRJ,A:0.4375:14:Siberian,G:0.407055:31524:TOMMO,G:0.265103:70170:TOPMED,G:0.31068:1152:TWINSUK,G:0.289285:7489:ALFA,,,,,,,
22,35386520,C>T,snv,6518952,,by-frequency;by-alfa;by-cluster,intron_variant,HMOX1,T:0.130192:652:1000Genomes,T:0.13679:876:1000Genomes_30X,T:0.001557:6:ALSPAC,T:0.099701:14868:GnomAD_genomes,T:0.001002:1:GoNL,T:0.189024:62:HapMap,T:0.043686:128:KOREAN,T:0.045306:83:Korea1K,T:0.048106:348:Korea4K,T:0.005618:3:MGP,T:0.027778:2:PRJEB36033,T:0.087963:19:Qatari,C:0.471429:33:SGDP_PRJ,T:0.047699:3694:TOMMO,T:0.109777:29057:TOPMED,T:0.001348:5:TWINSUK,T:0.032407:7:Vietnamese,T:0.025716:3401:ALFA,,,,,,,
22,35385221,C>T,snv,7285877,,by-frequency;by-alfa;by-cluster,intron_variant,HMOX1,T:0.175519:879:1000Genomes,T:0.183323:1174:1000Genomes_30X,T:0.049559:191:ALSPAC,T:0.021652:97:Estonian,T:0.05:2:GENOME_DK,T:0.154193:22960:GnomAD_genomes,T:0.04008:40:GoNL,C:0.362069:42:HapMap,T:0.043345:127:KOREAN,T:0.045306:83:Korea1K,T:0.047981:347:Korea4K,T:0.035:21:NorthernSweden,T:0.152778:33:Qatari,C:0.459016:56:SGDP_PRJ,C:0.5:1:Siberian,T:0.047647:3690:TOMMO,T:0.17049:45127:TOPMED,T:0.062298:231:TWINSUK,T:0.038095:8:Vietnamese,T:0.104448:2827:ALFA,,,,,
22,35383575,G>A,snv,8139532,,by-frequency;by-alfa;by-cluster,intron_variant,HMOX1,A:0.175719:880:1000Genomes,A:0.183479:1175:1000Genomes_30X,A:0.049559:191:ALSPAC,A:0.021652:97:Estonian,A:0.05:2:GENOME_DK,A:0.15417:22991:GnomAD_genomes,A:0.04008:40:GoNL,A:0.348039:71:HapMap,A:0.043345:127:KOREAN,A:0.045306:83:Korea1K,A:0.047968:347:Korea4K,A:0.035:21:NorthernSweden,A:0.152778:33:Qatari,G:0.459016:56:SGDP_PRJ,G:0.5:1:Siberian,A:0.047699:3694:TOMMO,A:0.170464:45120:TOPMED,A:0.062298:231:TWINSUK,A:0.037383:8:Vietnamese,A:0.088029:2715:ALFA,,,,,
22,35383642,T>G,snv,8140370,,by-frequency;by-alfa;by-cluster,intron_variant,HMOX1,G:0.055711:279:1000Genomes,G:0.059963:384:1000Genomes_30X,G:0.000259:1:ALSPAC,G:0.003195:2:Chileans,G:0.053023:7913:GnomAD_genomes,G:0.116232:116:HapMap,G:0.032407:7:Qatari,T:0.464286:13:SGDP_PRJ,G:0.05973:15810:TOPMED,G:0.00027:1:TWINSUK,G:0.027926:796:ALFA,,,,,,,,,,,,,,
22,35383851,T>A,snv,8140669,,by-frequency;by-alfa;by-cluster,intron_variant,HMOX1,A:0.126597:634:1000Genomes,A:0.13273:850:1000Genomes_30X,A:0.001557:6:ALSPAC,A:0.096684:14419:GnomAD_genomes,A:0.001002:1:GoNL,A:0.163975:264:HapMap,A:0.043345:127:KOREAN,A:0.045306:83:Korea1K,A:0.048244:349:Korea4K,A:0.087963:19:Qatari,T:0.473684:36:SGDP_PRJ,A:0.047686:3693:TOMMO,A:0.106324:28143:TOPMED,A:0.001348:5:TWINSUK,A:0.032407:7:Vietnamese,A:0.07233:1043:ALFA,,,,,,,,,
22,35388324,"C>A,T",snv,8142390,,by-frequency;by-alfa;by-cluster,intron_variant,HMOX1,T:0.303914:1522:1000Genomes,T:0.295909:1895:1000Genomes_30X,T:0.316554:1220:ALSPAC,T:0.360714:1616:Estonian,T:0.4:16:GENOME_DK,T:0.279465:41528:GnomAD_genomes,T:0.312625:312:GoNL,T:0.411945:1207:KOREAN,T:0.39939:2882:Korea4K,T:0.355:213:NorthernSweden,T:0.365741:79:Qatari,C:0.383333:115:SGDP_PRJ,C:0.4375:14:Siberian,T:0.405075:31352:TOMMO,T:0.261525:69223:TOPMED,T:0.317152:1176:TWINSUK,C:0.495238:104:Vietnamese,T:0.298834:5483:ALFA,,,,,,,
22,35382285,A>G,snv,9306300,,by-frequency;by-alfa;by-cluster,intron_variant,HMOX1,G:0.183506:919:1000Genomes,G:0.191755:1228:1000Genomes_30X,G:0.04904:189:ALSPAC,G:0.0623:39:Chileans,G:0.021652:97:Estonian,G:0.05:2:GENOME_DK,G:0.161216:24025:GnomAD_genomes,G:0.04008:40:GoNL,G:0.215645:408:HapMap,G:0.043345:127:KOREAN,G:0.045306:83:Korea1K,G:0.047705:345:Korea4K,G:0.035:21:NorthernSweden,G:0.090909:6:PRJEB36033,G:0.152778:33:Qatari,A:0.446154:58:SGDP_PRJ,A:0.5:1:Siberian,G:0.04766:3691:TOMMO,G:0.178216:47172:TOPMED,G:0.061489:228:TWINSUK,G:0.099808:4878:ALFA,,,,
22,35382512,"C>G,T",snv,9306301,,by-frequency;by-alfa;by-cluster,intron_variant,HMOX1,T:0.490415:2456:1000Genomes,T:0.490787:3143:1000Genomes_30X,T:0.45:18:GENOME_DK,T:0.441245:63466:GnomAD_genomes,T:0.349699:349:GoNL,T:0.449829:1318:KOREAN,T:0.435525:3087:Korea4K,T:0.34657:192:NorthernSweden,C:0.481481:104:Qatari,C:0.335938:129:SGDP_PRJ,C:0.384615:10:Siberian,T:0.429371:30366:TOMMO,T:0.442121:117025:TOPMED,T:0.408902:7496:ALFA,,,,,,,,,,,
22,35385214,"T>A,C",snv,9607267,,by-frequency;by-alfa;by-cluster,intron_variant,HMOX1,C:0.303514:1520:1000Genomes,C:0.295753:1894:1000Genomes_30X,C:0.317592:1224:ALSPAC,C:0.356696:1598:Estonian,C:0.4:16:GENOME_DK,C:0.278776:41503:GnomAD_genomes,C:0.313627:313:GoNL,C:0.364078:75:HapMap,C:0.410922:1204:KOREAN,C:0.40249:2910:Korea4K,C:0.355:213:NorthernSweden,C:0.214286:18:PRJEB36033,C:0.365741:79:Qatari,T:0.383333:115:SGDP_PRJ,T:0.4375:14:Siberian,C:0.40774:31577:TOMMO,C:0.261037:69094:TOPMED,C:0.315534:1170:TWINSUK,T:0.5:104:Vietnamese,C:0.300071:6763:ALFA,,,,,
22,35384192,C>T,snv,9610291,,by-frequency;by-alfa;by-cluster,intron_variant,HMOX1,T:0.010783:54:1000Genomes,T:0.010462:67:1000Genomes_30X,T:0.031655:122:ALSPAC,T:0.053348:239:Estonian,T:0.025:1:GENOME_DK,T:0.020859:3112:GnomAD_genomes,T:0.027054:27:GoNL,T:0.001092:2:Korea1K,T:0.018333:11:NorthernSweden,C:0.5:5:SGDP_PRJ,T:0.017435:4615:TOPMED,T:0.032093:119:TWINSUK,T:0.031869:602:ALFA,,,,,,,,,,,,
22,35391356,"C>A,T",snv,9610292,,by-frequency;by-alfa;by-cluster,intron_variant,HMOX1,T:0.30651:1535:1000Genomes,T:0.298251:1910:1000Genomes_30X,T:0.364732:1634:Estonian,T:0.28016:41495:GnomAD_genomes,T:0.313627:313:GoNL,T:0.412287:1208:KOREAN,T:0.401771:2904:Korea4K,T:0.363333:218:NorthernSweden,T:0.365741:79:Qatari,C:0.385621:118:SGDP_PRJ,C:0.444444:8:Siberian,T:0.408228:31614:TOMMO,T:0.261581:69238:TOPMED,T:0.308963:5722:ALFA,,,,,,,,,,,
22,35382760,"C>G,T",snv,9619538,,by-frequency;by-alfa;by-cluster,intron_variant,HMOX1,G:0.183706:920:1000Genomes,G:0.191755:1228:1000Genomes_30X,G:0.049299:190:ALSPAC,G:0.021652:97:Estonian,G:0.05:2:GENOME_DK,G:0.04008:40:GoNL,G:0.043686:128:KOREAN,G:0.045306:83:Korea1K,G:0.047968:347:Korea4K,G:0.035:21:NorthernSweden,G:0.152778:33:Qatari,C:0.446154:58:SGDP_PRJ,C:0.5:1:Siberian,G:0.178133:47150:TOPMED,G:0.061758:229:TWINSUK,G:0.018386:293:ALFA,,,,,,,,,
22,35390970,"G>A,C",snv,9622194,,by-frequency;by-alfa;by-cluster,intron_variant,HMOX1,A:0.154553:774:1000Genomes,A:0.162867:1043:1000Genomes_30X,A:0.001557:6:ALSPAC,A:0.002004:2:GoNL,A:0.043686:128:KOREAN,A:0.045306:83:Korea1K,A:0.048258:349:Korea4K,A:0.106481:23:Qatari,G:0.479167:46:SGDP_PRJ,A:0.047725:3696:TOMMO,A:0.1337:35389:TOPMED,A:0.001348:5:TWINSUK,A:0.032407:7:Vietnamese,A:0.005781:72:ALFA,,,,,,,,,,,
22,35387624,G>A,snv,11912889,,by-frequency;by-alfa;by-cluster,intron_variant,HMOX1,A:0.180112:902:1000Genomes,A:0.188164:1205:1000Genomes_30X,A:0.049299:190:ALSPAC,A:0.021652:97:Estonian,A:0.05:2:GENOME_DK,A:0.157632:23519:GnomAD_genomes,A:0.04008:40:GoNL,A:0.107486:224:HGDP_Stanford,A:0.212474:402:HapMap,A:0.043686:128:KOREAN,A:0.045306:83:Korea1K,A:0.04783:346:Korea4K,A:0.035:21:NorthernSweden,A:0.170732:14:PRJEB36033,A:0.152778:33:Qatari,G:0.453846:59:SGDP_PRJ,G:0.5:1:Siberian,A:0.047725:3696:TOMMO,A:0.174257:46124:TOPMED,A:0.061758:229:TWINSUK,A:0.037736:8:Vietnamese,A:0.079741:5693:ALFA,,,
22,35382846,"C>G,T",snv,11913097,,by-frequency;by-alfa;by-cluster,intron_variant,HMOX1,T:0.126398:633:1000Genomes,T:0.001557:6:ALSPAC,T:0.001002:1:GoNL,T:0.044057:129:KOREAN,T:0.045306:83:Korea1K,T:0.047856:346:Korea4K,T:0.087963:19:Qatari,C:0.471429:33:SGDP_PRJ,T:0.04761:3687:TOMMO,T:0.106049:28070:TOPMED,T:0.001348:5:TWINSUK,T:0.028302:6:Vietnamese,T:0.015899:207:ALFA,,,,,,,,,,,,
22,35382734,T>A,snv,11913209,,by-frequency;by-alfa;by-cluster,intron_variant,HMOX1,A:0.179912:901:1000Genomes,A:0.188007:1204:1000Genomes_30X,A:0.049299:190:ALSPAC,A:0.021652:97:Estonian,A:0.05:2:GENOME_DK,A:0.156324:23125:GnomAD_genomes,A:0.04008:40:GoNL,A:0.043345:127:KOREAN,A:0.045306:83:Korea1K,A:0.047553:344:Korea4K,A:0.035:21:NorthernSweden,A:0.152778:33:Qatari,T:0.45082:55:SGDP_PRJ,T:0.5:1:Siberian,A:0.04743:3673:TOMMO,A:0.174211:46112:TOPMED,A:0.061758:229:TWINSUK,A:0.106988:2021:ALFA,,,,,,,
22,35389005,A>G,snv,16995662,,by-frequency;by-alfa;by-cluster,intron_variant,HMOX1,G:0.157149:787:1000Genomes,G:0.165365:1059:1000Genomes_30X,G:0.001557:6:ALSPAC,G:0.120026:17879:GnomAD_genomes,G:0.002004:2:GoNL,G:0.044027:129:KOREAN,G:0.045306:83:Korea1K,G:0.047415:343:Korea4K,G:0.106481:23:Qatari,A:0.46875:45:SGDP_PRJ,G:0.047389:3670:TOMMO,G:0.133741:35400:TOPMED,G:0.001079:4:TWINSUK,G:0.033333:7:Vietnamese,G:0.054553:1439:ALFA,,,,,,,,,,
22,35389710,G>A,snv,17878790,,by-frequency;by-alfa;by-cluster,intron_variant,HMOX1,A:0.180312:903:1000Genomes,A:0.18832:1206:1000Genomes_30X,A:0.04878:188:ALSPAC,A:0.021652:97:Estonian,A:0.05:2:GENOME_DK,A:0.156773:23299:GnomAD_genomes,A:0.04008:40:GoNL,A:0.043686:128:KOREAN,A:0.045306:83:Korea1K,A:0.047691:345:Korea4K,A:0.009363:5:MGP,A:0.035:21:NorthernSweden,A:0.152778:33:Qatari,G:0.453846:59:SGDP_PRJ,G:0.5:1:Siberian,A:0.048061:3722:TOMMO,A:0.17426:46125:TOPMED,A:0.06014:223:TWINSUK,A:0.03271:7:Vietnamese,A:0.091077:2323:ALFA,,,,,
22,35392149,G>A,snv,17879027,,by-frequency;by-alfa;by-cluster,intron_variant,HMOX1,A:0.021765:109:1000Genomes,A:0.021861:140:1000Genomes_30X,A:0.047743:184:ALSPAC,A:0.019893:89:Estonian,A:0.05:2:GENOME_DK,A:0.034977:5171:GnomAD_genomes,A:0.038076:38:GoNL,A:0.035:21:NorthernSweden,A:0.046296:10:Qatari,G:0.473684:18:SGDP_PRJ,G:0.5:1:Siberian,A:0.000013:1:TOMMO,A:0.038313:10141:TOPMED,A:0.061219:227:TWINSUK,A:0.037439:707:ALFA,,,,,,,,,,
22,35389681,"T>A,C",snv,17879082,,by-frequency;by-alfa;by-cluster,intron_variant,HMOX1,C:0.021765:109:1000Genomes,C:0.021549:138:1000Genomes_30X,C:0.045667:176:ALSPAC,C:0.021652:97:Estonian,C:0.05:2:GENOME_DK,C:0.038076:38:GoNL,C:0.035:21:NorthernSweden,C:0.046296:10:Qatari,T:0.470588:16:SGDP_PRJ,T:0.5:1:Siberian,C:0.038264:10128:TOPMED,C:0.058522:217:TWINSUK,C:0.012216:219:ALFA,,,,,,,,,,,,
22,35387293,C>T,snv,17880294,,by-frequency;by-alfa;by-cluster,intron_variant,HMOX1,T:0.0225639:113:1000Genomes,T:0.0240475:154:1000Genomes_30X,T:0.0017854:1794:GnomAD_exomes,T:0.0174222:2601:GnomAD_genomes,T:0.001002:1:GoNL,T:0.0185185:4:Qatari,C:0.5:10:SGDP_PRJ,T:0.0199516:5281:TOPMED,T:0.0120666:174:ALFA,,,,,,,,,,,,,,,,
22,35382872,G>A,snv,17881147,,by-frequency;by-alfa;by-cluster,intron_variant,HMOX1,A:0.020767:104:1000Genomes,A:0.021237:136:1000Genomes_30X,A:0.018108:2700:GnomAD_genomes,A:0.023148:5:Qatari,G:0.5:8:SGDP_PRJ,A:0.019944:5279:TOPMED,A:0.014771:213:ALFA,,,,,,,,,,,,,,,,,,
22,35381910,"G>A,C",snv,17882565,,by-frequency;by-alfa;by-cluster,intron_variant,HMOX1,A:0.01138:57:1000Genomes,A:0.01093:70:1000Genomes_30X,A:0.05008:193:ALSPAC,A:0.04866:218:Estonian,A:0.075:3:GENOME_DK,A:0.04509:45:GoNL,A:0.00068:2:KOREAN,A:0.00109:2:Korea1K,A:0.00055:4:Korea4K,A:0.06667:40:NorthernSweden,G:0.5:13:SGDP_PRJ,G:0.5:2:Siberian,A:0.00005:4:TOMMO,A:0.05124:190:TWINSUK,A:0.01315:235:ALFA,,,,,,,,,,
22,35382007,C>A,snv,17883018,,by-frequency;by-alfa;by-cluster,intron_variant,HMOX1,A:0.022963:115:1000Genomes,A:0.022798:146:1000Genomes_30X,A:0.048002:185:ALSPAC,A:0.021652:97:Estonian,A:0.05:2:GENOME_DK,A:0.036677:5474:GnomAD_genomes,A:0.038076:38:GoNL,A:0.035:21:NorthernSweden,A:0.046296:10:Qatari,C:0.473684:18:SGDP_PRJ,C:0.5:1:Siberian,A:0.040542:10731:TOPMED,A:0.06068:225:TWINSUK,A:0.038598:870:ALFA,,,,,,,,,,,
22,35387783,C>T,snv,17885185,,by-frequency;by-alfa;by-cluster,intron_variant,HMOX1,T:0.022165:111:1000Genomes,T:0.023579:151:1000Genomes_30X,T:0.017024:2542:GnomAD_genomes,T:0.001002:1:GoNL,T:0.018519:4:Qatari,C:0.5:6:SGDP_PRJ,T:0.019517:5166:TOPMED,T:0.011789:170:ALFA,,,,,,,,,,,,,,,,,
22,35381863,C>A,snv,17885522,,by-frequency;by-alfa;by-cluster,intron_variant,HMOX1,A:0.183706:920:1000Genomes,A:0.191755:1228:1000Genomes_30X,A:0.049299:190:ALSPAC,A:0.021205:95:Estonian,A:0.05:2:GENOME_DK,A:0.16093:23958:GnomAD_genomes,A:0.04008:40:GoNL,A:0.044027:129:KOREAN,A:0.045306:83:Korea1K,A:0.04783:346:Korea4K,A:0.035:21:NorthernSweden,A:0.152778:33:Qatari,C:0.446154:58:SGDP_PRJ,C:0.5:1:Siberian,A:0.047699:3694:TOMMO,A:0.178152:47155:TOPMED,A:0.061758:229:TWINSUK,A:0.03271:7:Vietnamese,A:0.119599:2696:ALFA,,,,,,
22,35392988,"T>A,G",snv,17885902,,by-frequency;by-alfa;by-cluster,intron_variant,HMOX1,G:0.015775:79:1000Genomes,G:0.016864:108:1000Genomes_30X,G:0.006746:26:ALSPAC,G:0.003125:14:Estonian,G:0.01002:10:GoNL,G:0.000342:1:KOREAN,G:0.006667:4:NorthernSweden,G:0.037037:8:Qatari,T:0.5:3:SGDP_PRJ,G:0.015781:4177:TOPMED,G:0.003776:14:TWINSUK,G:0.003279:61:ALFA,,,,,,,,,,,,,
22,35391072,T>C,snv,17886055,,by-frequency;by-alfa;by-cluster,intron_variant,HMOX1,C:0.022963:115:1000Genomes,C:0.022798:146:1000Genomes_30X,C:0.048002:185:ALSPAC,C:0.021652:97:Estonian,C:0.05:2:GENOME_DK,C:0.03673:5480:GnomAD_genomes,C:0.038076:38:GoNL,C:0.035:21:NorthernSweden,C:0.046296:10:Qatari,T:0.47619:20:SGDP_PRJ,T:0.5:1:Siberian,C:0.040542:10731:TOPMED,C:0.06068:225:TWINSUK,C:0.038905:877:ALFA,,,,,,,,,,,
22,35391758,"TTT>-,T,TT,TTTT,TTTTT,TTTTTT",delins,36054326,,by-frequency;by-alfa;by-cluster,intron_variant,HMOX1,T:0.0988:495:1000Genomes,TTTTTTTTTTTT:0.:0:ALFA,,,,,,,,,,,,,,,,,,,,,,,
22,35382609,"C>G,T",snv,56033205,,by-frequency;by-alfa;by-cluster,intron_variant,HMOX1,T:0.022564:113:1000Genomes,T:0.022486:144:1000Genomes_30X,T:0.047483:183:ALSPAC,T:0.021001:94:Estonian,T:0.036159:5151:GnomAD_genomes,T:0.038076:38:GoNL,T:0.035:21:NorthernSweden,T:0.046296:10:Qatari,C:0.475:19:SGDP_PRJ,C:0.5:1:Siberian,T:0.000026:2:TOMMO,T:0.038441:10175:TOPMED,T:0.059871:222:TWINSUK,T:0.014646:264:ALFA,,,,,,,,,,,
22,35388813,"C>A,G",snv,56160651,,by-frequency;by-alfa;by-cluster,intron_variant,HMOX1,A:0.158546:794:1000Genomes,A:0.134621:19372:GnomAD_genomes,A:0.044027:129:KOREAN,A:0.045306:83:Korea1K,A:0.023333:14:NorthernSweden,A:0.134259:29:Qatari,C:0.453846:59:SGDP_PRJ,C:0.5:1:Siberian,A:0.043456:3357:TOMMO,A:0.005517:74:ALFA,,,,,,,,,,,,,,,
22,35385937,"ATTTATTT>-,ATTT,ATTTATTTATTT,ATTTATTTATTTATTT",delins,57667882,,by-frequency;by-alfa;by-cluster,intron_variant,HMOX1,TTTA:0.05331:267:1000Genomes,TTTA:0.05731:367:1000Genomes_30X,TTTA:0.05:2:GENOME_DK,TTTA:0.035:21:NorthernSweden,TTTATTTATTTATTTATTTATTTATTTATTT:0.:0:ALFA,,,,,,,,,,,,,,,,,,,,
22,35382518,"TTTTTTT>-,TTT,TTTT,TTTTT,TTTTTT,TTTTTTTT,TTTTTTTTT,TTTTTTTTTT,TTTTTTTTTTT,TTTTTTTTTTTT,TTTTTTTTTTTTTTT",delins,58712001,,by-frequency;by-alfa;by-cluster,intron_variant,HMOX1,-:0.05811:291:1000Genomes,-:0.075:3:GENOME_DK,TTTTTTTTTTTTTT:0.:0:ALFA,,,,,,,,,,,,,,,,,,,,,,
22,35388752,"G>A,T",snv,61644386,,by-frequency;by-alfa;by-cluster,intron_variant,HMOX1,A:0.1268:635:1000Genomes,A:0.13226:847:1000Genomes_30X,T:0.00089:4:Estonian,A:0.001:1:GoNL,A:0.04403:129:KOREAN,A:0.04476:82:Korea1K,A:0.04732:342:Korea4K,A:0.08796:19:Qatari,G:0.47368:36:SGDP_PRJ,A:0.04518:3497:TOMMO,A:0.01043:182:ALFA,,,,,,,,,,,,,,
22,35388131,"->A,AA",delins,61701901,,by-frequency;by-alfa;by-cluster,intron_variant,HMOX1,A:0.174521:874:1000Genomes,A:0.188944:1210:1000Genomes_30X,A:0.04904:189:ALSPAC,A:0.05:2:GENOME_DK,A:0.157721:23420:GnomAD_genomes,A:0.04008:40:GoNL,A:0.045306:83:Korea1K,A:0.04783:346:Korea4K,A:0.033333:20:NorthernSweden,A:0.047673:3692:TOMMO,A:0.061219:227:TWINSUK,AAAAAAAA:0.110948:1812:ALFA,,,,,,,,,,,,,
22,35382269,T>C,snv,73172715,,by-frequency;by-alfa;by-cluster,intron_variant,HMOX1,C:0.022963:115:1000Genomes,C:0.022798:146:1000Genomes_30X,C:0.047483:183:ALSPAC,C:0.021652:97:Estonian,C:0.05:2:GENOME_DK,C:0.036739:5484:GnomAD_genomes,C:0.037074:37:GoNL,C:0.035:21:NorthernSweden,C:0.046296:10:Qatari,T:0.475:19:SGDP_PRJ,T:0.5:1:Siberian,C:0.040644:10758:TOPMED,C:0.06014:223:TWINSUK,C:0.038433:726:ALFA,,,,,,,,,,,
22,35381957,G>C,snv,73410829,,by-frequency;by-alfa;by-cluster,intron_variant,HMOX1,C:0.011981:60:1000Genomes,C:0.013429:86:1000Genomes_30X,C:0.011711:1747:GnomAD_genomes,C:0.009259:2:Qatari,G:0.5:3:SGDP_PRJ,C:0.013087:3464:TOPMED,C:0.00749:108:ALFA,,,,,,,,,,,,,,,,,,
22,35388288,"A>-,AA",delins,74937729,,by-frequency;by-alfa;by-cluster,intron_variant,HMOX1,-:0.03734:187:1000Genomes,-:0.035447:227:1000Genomes_30X,-:0.057084:220:ALSPAC,-:0.061384:275:Estonian,-:0.075:3:GENOME_DK,-:0.043345:6444:GnomAD_genomes,-:0.047094:47:GoNL,-:0.076965:141:Korea1K,-:0.07771:562:Korea4K,-:0.075:45:NorthernSweden,-:0.070825:5485:TOMMO,-:0.042503:11250:TOPMED,-:0.054746:203:TWINSUK,AAAAAA:0.050972:944:ALFA,,,,,,,,,,,
22,35381579,G>A,snv,77377445,,by-frequency;by-alfa;by-cluster,intron_variant,HMOX1,A:0.022165:111:1000Genomes,A:0.023735:152:1000Genomes_30X,A:0.017176:2560:GnomAD_genomes,A:0.001002:1:GoNL,A:0.018519:4:Qatari,G:0.5:8:SGDP_PRJ,A:0.019816:5245:TOPMED,A:0.017542:300:ALFA,,,,,,,,,,,,,,,,,
22,35391284,"TTTTTGGTTTTTTTTTTTT>-,T,TTTTTGGTTTTTTTTTTTTTTTTGGTTTTTTTTTTTT",delins,79947728,,by-frequency;by-alfa;by-cluster,intron_variant,HMOX1,-:0.30651:1535:1000Genomes,-:0.298876:1914:1000Genomes_30X,TTTTTTTGGTTTTTTTTT:0.2:8:GENOME_DK,-:0.286578:41916:GnomAD_genomes,-:0.407301:31543:TOMMO,TTT:0.099743:1629:ALFA,,,,,,,,,,,,,,,,,,,
22,35391582,C>T,snv,112296163,,by-frequency;by-alfa;by-cluster,intron_variant,HMOX1,T:0.014577:73:1000Genomes,T:0.015615:100:1000Genomes_30X,T:0.001346:6:Estonian,T:0.01302:1664:GnomAD_genomes,T:0.009259:2:Qatari,C:0.5:4:SGDP_PRJ,T:0.000026:2:TOMMO,T:0.014523:3844:TOPMED,T:0.007028:130:ALFA,,,,,,,,,,,,,,,,
22,35389486,G>A,snv,113611204,,by-frequency;by-alfa;by-cluster,intron_variant,HMOX1,A:0.184105:922:1000Genomes,A:0.097283:623:1000Genomes_30X,A:0.046964:181:ALSPAC,A:0.020545:92:Estonian,A:0.085505:10604:GnomAD_genomes,A:0.04008:40:GoNL,A:0.043345:127:KOREAN,A:0.020578:37:Korea1K,A:0.035:21:NorthernSweden,A:0.152778:33:Qatari,G:0.432836:58:SGDP_PRJ,G:0.5:1:Siberian,A:0.017493:1319:TOMMO,A:0.177766:47053:TOPMED,A:0.06041:224:TWINSUK,A:0.114671:1915:ALFA,,,,,,,,,
22,35384024,G>C,snv,116814805,,by-frequency;by-alfa;by-cluster,intron_variant,HMOX1,C:0.014976:75:1000Genomes,C:0.016396:105:1000Genomes_30X,C:0.:0:ALSPAC,C:0.013572:2025:GnomAD_genomes,C:0.013889:3:Qatari,G:0.5:2:SGDP_PRJ,C:0.015546:4115:TOPMED,C:0.00027:1:TWINSUK,C:0.010264:148:ALFA,,,,,,,,,,,,,,,,
22,35389141,T>C,snv,117081927,,by-frequency;by-alfa;by-cluster,intron_variant,HMOX1,C:0.027756:139:1000Genomes,C:0.026077:167:1000Genomes_30X,C:0.000778:3:ALSPAC,C:0.004916:733:GnomAD_genomes,C:0.043686:128:KOREAN,C:0.045306:83:Korea1K,C:0.047428:343:Korea4K,C:0.009259:2:Qatari,T:0.5:17:SGDP_PRJ,C:0.047213:3656:TOMMO,C:0.003132:829:TOPMED,C:0.:0:TWINSUK,C:0.032407:7:Vietnamese,C:0.001872:27:ALFA,,,,,,,,,,,
22,35389474,"G>A,T",snv,117230447,,by-frequency;by-alfa;by-cluster,intron_variant,HMOX1,A:0.033946:170:1000Genomes,A:0.031855:204:1000Genomes_30X,A:0.057084:220:ALSPAC,A:0.055755:248:Estonian,A:0.075:3:GENOME_DK,A:0.042593:5600:GnomAD_genomes,A:0.047094:47:GoNL,A:0.060917:178:KOREAN,A:0.049451:90:Korea1K,A:0.053471:382:Korea4K,A:0.07:42:NorthernSweden,A:0.018519:4:Qatari,G:0.5:14:SGDP_PRJ,G:0.5:2:Siberian,A:0.041928:11098:TOPMED,A:0.054477:202:TWINSUK,A:0.02115:376:ALFA,,,,,,,,
22,35390618,"T>C,G",snv,142820071,,by-frequency;by-alfa;by-cluster,intron_variant,HMOX1,G:0.010583:53:1000Genomes,G:0.011399:73:1000Genomes_30X,G:0.000223:1:Estonian,G:0.003654:545:GnomAD_genomes,G:0.073238:214:KOREAN,G:0.063319:116:Korea1K,G:0.060409:437:Korea4K,G:0.001667:1:NorthernSweden,T:0.428571:12:SGDP_PRJ,G:0.04766:3691:TOMMO,G:0.004813:1274:TOPMED,G:0.023364:5:Vietnamese,G:0.000053:1:ALFA,,,,,,,,,,,,
22,35390011,"TGGCTGTCTGACT>-,TGGCTGTCTGACTTGGCTGTCTGACT",delins,143430077,,by-frequency;by-alfa;by-cluster,intron_variant,HMOX1,-:0.0305511:153:1000Genomes,-:0.0292005:187:1000Genomes_30X,-:0.0563051:217:ALSPAC,-:0.0616071:276:Estonian,-:0.0389468:2303:ExAC,-:0.0478752:51239:GnomAD_exomes,-:0.0397639:5935:GnomAD_genomes,-:0.0379079:474:GoESP,-:0.0460922:46:GoNL,-:0.0540393:99:Korea1K,-:0.0598562:433:Korea4K,-:0.075:45:NorthernSweden,-:0.0583777:4521:TOMMO,-:0.0390797:10344:TOPMED,-:0.0536677:199:TWINSUK,GACT:0.0452959:1246:ALFA,,,,,,,,,
22,35388467,"CAAAAACAAAAA>-,CAAAAA,CAAAAACAAAAACAAAAA",delins,147359911,,by-frequency;by-alfa;by-cluster,intron_variant,HMOX1,-:0.02256:113:1000Genomes,-:0.02405:154:1000Genomes_30X,AAAAAC:0.00028:2:Korea4K,AAAAAC:0.0012:93:TOMMO,AAAAACAAAAACAAAAA:0.:0:ALFA,,,,,,,,,,,,,,,,,,,,
22,35384372,C>-,delins,148970307,,by-frequency;by-alfa;by-cluster,intron_variant,HMOX1,-:0.021965:110:1000Genomes,-:0.023579:151:1000Genomes_30X,-:0.017338:2585:GnomAD_genomes,-:0.001002:1:GoNL,-:0.019929:5275:TOPMED,CC:0.012384:174:ALFA,,,,,,,,,,,,,,,,,,,
22,35388624,"A>G,T",snv,149362862,,by-frequency;by-alfa;by-cluster,intron_variant,HMOX1,G:0.022963:115:1000Genomes,G:0.022798:146:1000Genomes_30X,G:0.047743:184:ALSPAC,G:0.05:2:GENOME_DK,G:0.036688:5449:GnomAD_genomes,G:0.038076:38:GoNL,T:0.000546:1:Korea1K,G:0.035:21:NorthernSweden,G:0.046296:10:Qatari,A:0.473684:18:SGDP_PRJ,A:0.5:1:Siberian,G:0.000013:1:TOMMO,G:0.040421:10699:TOPMED,G:0.06068:225:TWINSUK,G:0.004673:1:Vietnamese,G:0.038539:728:ALFA,,,,,,,,,
22,35389411,"T>C,G",snv,190698614,,by-frequency;by-alfa;by-cluster,intron_variant,HMOX1,C:0.02676:134:1000Genomes,C:0.01303:13:GoNL,C:0.04486:131:KOREAN,C:0.00276:5:Korea1K,C:0.0024:17:Korea4K,C:0.08796:19:Qatari,T:0.5:6:SGDP_PRJ,T:0.5:2:Siberian,C:0.00258:173:TOMMO,G:0.:0:ALFA,,,,,,,,,,,,,,,
22,35381773,"T>-,TT,TTT",delins,201144489,,by-frequency;by-alfa;by-cluster,intron_variant,HMOX1,-:0.09465:474:1000Genomes,-:0.05:2:GENOME_DK,TTTTTTTTTT:0.00345:50:ALFA,,,,,,,,,,,,,,,,,,,,,,
22,35389294,T>C,snv,529181541,,by-frequency;by-alfa;by-cluster,intron_variant,HMOX1,C:0.094449:473:1000Genomes,C:0.00117:133:GnomAD_genomes,C:0.008219:24:KOREAN,T:0.4:4:SGDP_PRJ,C:0.000373:25:TOMMO,C:0.024364:289:ALFA,,,,,,,,,,,,,,,,,,,
22,35389275,C>T,snv,540109803,,by-frequency;by-alfa;by-cluster,intron_variant,HMOX1,T:0.01757:88:1000Genomes,T:0.00475:423:GnomAD_genomes,T:0.00548:16:KOREAN,T:0.00112:8:Korea4K,T:0.03333:20:NorthernSweden,C:0.5:3:SGDP_PRJ,T:0.00019:13:TOMMO,T:0.00278:33:ALFA,,,,,,,,,,,,,,,,,
22,35389464,"G>C,T",snv,547250728,,by-frequency;by-alfa;by-cluster,intron_variant,HMOX1,T:0.014177:71:1000Genomes,T:0.000085:10:GnomAD_genomes,T:0.000546:1:Korea1K,G:0.5:2:SGDP_PRJ,T:0.002303:178:TOMMO,T:0.:0:ALFA,,,,,,,,,,,,,,,,,,,
22,35389276,T>C,snv,559996008,,by-frequency;by-alfa;by-cluster,intron_variant,HMOX1,C:0.017572:88:1000Genomes,C:0.003863:406:GnomAD_genomes,C:0.003765:11:KOREAN,C:0.001122:8:Korea4K,C:0.033333:20:NorthernSweden,T:0.5:2:SGDP_PRJ,C:0.000202:14:TOMMO,C:0.:0:ALFA,,,,,,,,,,,,,,,,,
22,35382660,->CCCT,delins,561077829,,by-frequency;by-cluster,intron_variant,HMOX1,CCCT:0.3277:1641:1000Genomes,,,,,,,,,,,,,,,,,,,,,,,,
22,35382672,"T>-,TT",delins,563357002,,by-frequency;by-alfa;by-cluster,intron_variant,HMOX1,-:0.022963:115:1000Genomes,-:0.01971:2502:GnomAD_genomes,TTTTTTTTTT:0.003018:35:ALFA,,,,,,,,,,,,,,,,,,,,,,
22,35389466,"A>G,T",snv,567161613,,by-frequency;by-alfa;by-cluster,intron_variant,HMOX1,T:0.014177:71:1000Genomes,A:0.5:2:SGDP_PRJ,G:0.000004:1:TOPMED,T:0.:0:ALFA,,,,,,,,,,,,,,,,,,,,,
22,35392916,"C>A,G,T",snv,2003038,,by-frequency;by-alfa;by-cluster,intron_variant,HMOX1,T:0.300919:1507:1000Genomes,T:0.292786:1875:1000Genomes_30X,T:0.316554:1220:ALSPAC,T:0.358259:1605:Estonian,T:0.4:16:GENOME_DK,T:0.277965:41340:GnomAD_genomes,T:0.313627:313:GoNL,T:0.406485:1191:KOREAN,T:0.394577:2852:Korea4K,T:0.356667:214:NorthernSweden,T:0.365741:79:Qatari,C:0.38255:114:SGDP_PRJ,C:0.464286:13:Siberian,T:0.401464:31091:TOMMO,T:0.260796:69030:TOPMED,T:0.316613:1174:TWINSUK,T:0.481132:102:Vietnamese,T:0.19718:2699:ALFA,,,,,,,
22,35392916,"C>A,G,T",snv,2003038,,by-frequency;by-alfa;by-cluster,intron_variant,HMOX1,T:0.300919:1507:1000Genomes,T:0.292786:1875:1000Genomes_30X,T:0.316554:1220:ALSPAC,T:0.358259:1605:Estonian,T:0.4:16:GENOME_DK,T:0.277965:41340:GnomAD_genomes,T:0.313627:313:GoNL,T:0.406485:1191:KOREAN,T:0.394577:2852:Korea4K,T:0.356667:214:NorthernSweden,T:0.365741:79:Qatari,C:0.38255:114:SGDP_PRJ,C:0.464286:13:Siberian,T:0.401464:31091:TOMMO,T:0.260796:69030:TOPMED,T:0.316613:1174:TWINSUK,T:0.481132:102:Vietnamese,T:0.19718:2699:ALFA,,,,,,,
22,35392916,"C>A,G,T",snv,2003038,,by-frequency;by-alfa;by-cluster,intron_variant,HMOX1,T:0.300919:1507:1000Genomes,T:0.292786:1875:1000Genomes_30X,T:0.316554:1220:ALSPAC,T:0.358259:1605:Estonian,T:0.4:16:GENOME_DK,T:0.277965:41340:GnomAD_genomes,T:0.313627:313:GoNL,T:0.406485:1191:KOREAN,T:0.394577:2852:Korea4K,T:0.356667:214:NorthernSweden,T:0.365741:79:Qatari,C:0.38255:114:SGDP_PRJ,C:0.464286:13:Siberian,T:0.401464:31091:TOMMO,T:0.260796:69030:TOPMED,T:0.316613:1174:TWINSUK,T:0.481132:102:Vietnamese,T:0.19718:2699:ALFA,,,,,,,
22,35381625,"G>A,T",snv,2071748,,by-frequency;by-alfa;by-cluster,intron_variant,HMOX1,A:0.490615:2457:1000Genomes,A:0.490943:3144:1000Genomes_30X,A:0.363778:1402:ALSPAC,A:0.41875:469:Daghestan,A:0.377679:1692:Estonian,A:0.45:18:GENOME_DK,A:0.44428:66124:GnomAD_genomes,A:0.350701:350:GoNL,G:0.497354:940:HapMap,A:0.453925:1330:KOREAN,A:0.44869:822:Korea1K,A:0.450083:3255:Korea4K,A:0.39:234:NorthernSweden,A:0.473861:37291:PAGE_STUDY,A:0.378378:28:PRJEB36033,G:0.454545:330:PRJEB37584,A:0.474576:448:PharmGKB,G:0.481481:104:Qatari,G:0.333333:128:SGDP_PRJ,G:0.40625:13:Siberian,A:0.455206:35253:TOMMO,A:0.443814:117473:TOPMED,A:0.375944:1394:TWINSUK,G:0.458333:99:Vietnamese,A:0.375407:91775:ALFA
22,35381625,"G>A,T",snv,2071748,,by-frequency;by-alfa;by-cluster,intron_variant,HMOX1,A:0.490615:2457:1000Genomes,A:0.490943:3144:1000Genomes_30X,A:0.363778:1402:ALSPAC,A:0.41875:469:Daghestan,A:0.377679:1692:Estonian,A:0.45:18:GENOME_DK,A:0.44428:66124:GnomAD_genomes,A:0.350701:350:GoNL,G:0.497354:940:HapMap,A:0.453925:1330:KOREAN,A:0.44869:822:Korea1K,A:0.450083:3255:Korea4K,A:0.39:234:NorthernSweden,A:0.473861:37291:PAGE_STUDY,A:0.378378:28:PRJEB36033,G:0.454545:330:PRJEB37584,A:0.474576:448:PharmGKB,G:0.481481:104:Qatari,G:0.333333:128:SGDP_PRJ,G:0.40625:13:Siberian,A:0.455206:35253:TOMMO,A:0.443814:117473:TOPMED,A:0.375944:1394:TWINSUK,G:0.458333:99:Vietnamese,A:0.375407:91775:ALFA
22,35387420,"A>C,G,T",snv,2071749,,by-frequency;by-alfa;by-cluster,intron_variant,HMOX1,A:0.309904:1552:1000Genomes,A:0.308713:1977:1000Genomes_30X,A:0.477945:1842:ALSPAC,G:0.394569:247:Chileans,A:0.479687:2149:Estonian,A:0.425:17:GENOME_DK,A:0.365105:54451:GnomAD_genomes,G:0.498998:498:GoNL,A:0.377639:787:HGDP_Stanford,A:0.268538:507:HapMap,T:0.:0:KOREAN,A:0.311135:570:Korea1K,A:0.307522:2224:Korea4K,A:0.455:273:NorthernSweden,G:0.222222:4:PRJEB36033,A:0.215054:160:PRJEB37584,A:0.349894:331:PharmGKB,A:0.319444:69:Qatari,A:0.235294:112:SGDP_PRJ,A:0.325:13:Siberian,A:0.345346:26745:TOMMO,A:0.364532:96488:TOPMED,A:0.461974:1713:TWINSUK,A:0.305556:66:Vietnamese,A:0.437246:42579:ALFA
22,35387420,"A>C,G,T",snv,2071749,,by-frequency;by-alfa;by-cluster,intron_variant,HMOX1,A:0.309904:1552:1000Genomes,A:0.308713:1977:1000Genomes_30X,A:0.477945:1842:ALSPAC,G:0.394569:247:Chileans,A:0.479687:2149:Estonian,A:0.425:17:GENOME_DK,A:0.365105:54451:GnomAD_genomes,G:0.498998:498:GoNL,A:0.377639:787:HGDP_Stanford,A:0.268538:507:HapMap,T:0.:0:KOREAN,A:0.311135:570:Korea1K,A:0.307522:2224:Korea4K,A:0.455:273:NorthernSweden,G:0.222222:4:PRJEB36033,A:0.215054:160:PRJEB37584,A:0.349894:331:PharmGKB,A:0.319444:69:Qatari,A:0.235294:112:SGDP_PRJ,A:0.325:13:Siberian,A:0.345346:26745:TOMMO,A:0.364532:96488:TOPMED,A:0.461974:1713:TWINSUK,A:0.305556:66:Vietnamese,A:0.437246:42579:ALFA
22,35390189,"A>C,G,T",snv,2269533,,by-frequency;by-alfa;by-cluster,intron_variant,HMOX1,A:0.470847:2358:1000Genomes,A:0.472829:3028:1000Genomes_30X,G:0.420861:1622:ALSPAC,G:0.290735:182:Chileans,G:0.44375:1988:Estonian,A:0.475:19:GENOME_DK,G:0.490651:73051:GnomAD_genomes,G:0.3998:399:GoNL,A:0.474736:808:HapMap,A:0.484642:1420:KOREAN,A:0.48686:3520:Korea4K,G:0.465:279:NorthernSweden,A:0.379765:259:PRJEB37584,A:0.462963:100:Qatari,A:0.31:124:SGDP_PRJ,A:0.382353:13:Siberian,A:0.486403:37669:TOMMO,G:0.489406:129541:TOPMED,G:0.433387:1607:TWINSUK,A:0.457944:98:Vietnamese,G:0.432653:70827:ALFA,,,,
22,35390233,"T>A,C",snv,2269534,,by-frequency;by-alfa;by-cluster,intron_variant,HMOX1,C:0.30631:1534:1000Genomes,C:0.315516:1216:ALSPAC,C:0.361322:1618:Estonian,C:0.4:16:GENOME_DK,C:0.352495:103061:GnomAD_exomes,C:0.282808:42101:GnomAD_genomes,C:0.314629:314:GoNL,C:0.411604:1206:KOREAN,C:0.401882:2904:Korea4K,C:0.355:213:NorthernSweden,C:0.365741:79:Qatari,T:0.384106:116:SGDP_PRJ,T:0.4375:14:Siberian,C:0.407107:31528:TOMMO,C:0.265061:70159:TOPMED,C:0.317422:1177:TWINSUK,C:0.288698:5114:ALFA,,,,,,,,
22,35393270,"A>G,T",snv,2285112,,by-frequency;by-alfa;by-cluster,intron_variant,HMOX1,A:0.48722:2440:1000Genomes,A:0.485478:3109:1000Genomes_30X,G:0.373638:1440:ALSPAC,G:0.257188:161:Chileans,G:0.386384:1731:Estonian,G:0.45:18:GENOME_DK,G:0.465866:69401:GnomAD_genomes,G:0.363727:363:GoNL,G:0.453321:942:HGDP_Stanford,A:0.465499:877:HapMap,G:0.450853:1321:KOREAN,G:0.444844:3218:Korea4K,G:0.396667:238:NorthernSweden,A:0.5:36:PRJEB36033,A:0.444444:96:Qatari,A:0.316327:124:SGDP_PRJ,A:0.40625:13:Siberian,G:0.4511:34935:TOMMO,G:0.466984:123606:TOPMED,G:0.383495:1422:TWINSUK,A:0.457547:97:Vietnamese,G:0.396982:64947:ALFA,,,
22,35393270,"A>G,T",snv,2285112,,by-frequency;by-alfa;by-cluster,intron_variant,HMOX1,A:0.48722:2440:1000Genomes,A:0.485478:3109:1000Genomes_30X,G:0.373638:1440:ALSPAC,G:0.257188:161:Chileans,G:0.386384:1731:Estonian,G:0.45:18:GENOME_DK,G:0.465866:69401:GnomAD_genomes,G:0.363727:363:GoNL,G:0.453321:942:HGDP_Stanford,A:0.465499:877:HapMap,G:0.450853:1321:KOREAN,G:0.444844:3218:Korea4K,G:0.396667:238:NorthernSweden,A:0.5:36:PRJEB36033,A:0.444444:96:Qatari,A:0.316327:124:SGDP_PRJ,A:0.40625:13:Siberian,G:0.4511:34935:TOMMO,G:0.466984:123606:TOPMED,G:0.383495:1422:TWINSUK,A:0.457547:97:Vietnamese,G:0.396982:64947:ALFA,,,
22,35389675,->T,ins,3216831,,by-frequency;by-alfa;by-cluster,intron_variant,HMOX1,T:0.490415:2456:1000Genomes,T:0.490943:3144:1000Genomes_30X,T:0.363518:1401:ALSPAC,T:0.382589:1714:Estonian,T:0.45:18:GENOME_DK,T:0.442502:65593:GnomAD_genomes,T:0.354709:354:GoNL,-:0.25:2:KOREAN,T:0.447598:820:Korea1K,T:0.4483:3243:Korea4K,T:0.39:234:NorthernSweden,T:0.454561:35203:TOMMO,T:0.443107:117286:TOPMED,T:0.376753:1397:TWINSUK,T:0.419276:7765:ALFA,,,,,,,,,,
22,35389675,->T,ins,3216831,,by-frequency;by-alfa;by-cluster,intron_variant,HMOX1,T:0.490415:2456:1000Genomes,T:0.490943:3144:1000Genomes_30X,T:0.363518:1401:ALSPAC,T:0.382589:1714:Estonian,T:0.45:18:GENOME_DK,T:0.442502:65593:GnomAD_genomes,T:0.354709:354:GoNL,-:0.25:2:KOREAN,T:0.447598:820:Korea1K,T:0.4483:3243:Korea4K,T:0.39:234:NorthernSweden,T:0.454561:35203:TOMMO,T:0.443107:117286:TOPMED,T:0.376753:1397:TWINSUK,T:0.419276:7765:ALFA,,,,,,,,,,
22,35381991,"A>C,T",snv,4820192,,by-frequency;by-alfa;by-cluster,intron_variant,HMOX1,C:0.285144:1428:1000Genomes,C:0.27842:1783:1000Genomes_30X,C:0.3137:1209:ALSPAC,C:0.356696:1598:Estonian,C:0.4:16:GENOME_DK,C:0.310621:310:GoNL,C:0.410239:1202:KOREAN,C:0.400028:2893:Korea4K,C:0.355:213:NorthernSweden,C:0.205521:16172:PAGE_STUDY,C:0.216216:16:PRJEB36033,C:0.319444:69:Qatari,A:0.384892:107:SGDP_PRJ,A:0.4375:14:Siberian,C:0.407546:31562:TOMMO,C:0.239684:63442:TOPMED,C:0.313107:1161:TWINSUK,A:0.49537:107:Vietnamese,C:0.190943:3411:ALFA,,,,,,
22,35389215,C>T,snv,5750103,,by-frequency;by-alfa;by-cluster,intron_variant,HMOX1,T:0.485224:2430:1000Genomes,T:0.101402:10878:GnomAD_genomes,T:0.339679:339:GoNL,T:0.488737:1432:KOREAN,T:0.072414:42:NorthernSweden,T:0.472222:102:Qatari,C:0.33:132:SGDP_PRJ,C:0.4:12:Siberian,T:0.191907:14028:TOMMO,T:0.115035:557:ALFA,,,,,,,,,,,,,,,
22,35389215,C>T,snv,5750103,,by-frequency;by-alfa;by-cluster,intron_variant,HMOX1,T:0.485224:2430:1000Genomes,T:0.101402:10878:GnomAD_genomes,T:0.339679:339:GoNL,T:0.488737:1432:KOREAN,T:0.072414:42:NorthernSweden,T:0.472222:102:Qatari,C:0.33:132:SGDP_PRJ,C:0.4:12:Siberian,T:0.191907:14028:TOMMO,T:0.115035:557:ALFA,,,,,,,,,,,,,,,
22,35390720,A>C,snv,5755717,,by-frequency;by-alfa;by-cluster,intron_variant,HMOX1,C:0.305112:1528:1000Genomes,C:0.298876:1914:1000Genomes_30X,C:0.30877:1190:ALSPAC,C:0.359598:1611:Estonian,C:0.375:15:GENOME_DK,C:0.283921:41942:GnomAD_genomes,C:0.313627:313:GoNL,C:0.412287:1208:KOREAN,C:0.402517:2911:Korea4K,C:0.353333:212:NorthernSweden,C:0.365741:79:Qatari,A:0.384106:116:SGDP_PRJ,A:0.4375:14:Siberian,C:0.407068:31525:TOMMO,C:0.265069:70161:TOPMED,C:0.31014:1150:TWINSUK,C:0.308962:6385:ALFA,,,,,,,,
22,35390729,T>C,snv,5755718,,by-frequency;by-alfa;by-cluster,intron_variant,HMOX1,C:0.489417:2451:1000Genomes,C:0.491099:3145:1000Genomes_30X,C:0.360664:1390:ALSPAC,C:0.381027:1707:Estonian,C:0.45:18:GENOME_DK,C:0.443254:65942:GnomAD_genomes,C:0.353707:353:GoNL,C:0.45529:1334:KOREAN,C:0.446507:818:Korea1K,C:0.450636:3259:Korea4K,C:0.39:234:NorthernSweden,T:0.481481:104:Qatari,T:0.324742:126:SGDP_PRJ,T:0.40625:13:Siberian,C:0.454703:35214:TOMMO,C:0.44319:117308:TOPMED,C:0.373786:1386:TWINSUK,C:0.422998:9531:ALFA,,,,,,,
22,35390748,T>C,snv,5755719,,by-frequency;by-alfa;by-cluster,intron_variant,HMOX1,C:0.305312:1529:1000Genomes,C:0.298876:1914:1000Genomes_30X,C:0.313181:1207:ALSPAC,C:0.361161:1618:Estonian,C:0.4:16:GENOME_DK,C:0.28253:42097:GnomAD_genomes,C:0.313627:313:GoNL,C:0.410922:1204:KOREAN,C:0.402351:2909:Korea4K,C:0.355:213:NorthernSweden,C:0.365741:79:Qatari,T:0.384106:116:SGDP_PRJ,T:0.4375:14:Siberian,C:0.407249:31539:TOMMO,C:0.265035:70152:TOPMED,C:0.313646:1163:TWINSUK,T:0.5:106:Vietnamese,C:0.309158:5840:ALFA,,,,,,,
22,35390880,A>G,snv,5755720,,by-frequency;by-alfa;by-cluster,intron_variant,HMOX1,G:0.30631:1534:1000Genomes,G:0.298876:1914:1000Genomes_30X,G:0.316554:1220:ALSPAC,G:0.360938:1617:Estonian,G:0.4:16:GENOME_DK,G:0.282502:42103:GnomAD_genomes,G:0.314629:314:GoNL,G:0.32853:684:HGDP_Stanford,G:0.284355:538:HapMap,G:0.411604:1206:KOREAN,G:0.401299:2903:Korea4K,G:0.355:213:NorthernSweden,G:0.21875:14:PRJEB36033,G:0.365741:79:Qatari,A:0.383333:115:SGDP_PRJ,A:0.4375:14:Siberian,G:0.40721:31536:TOMMO,G:0.265129:70177:TOPMED,G:0.316882:1175:TWINSUK,A:0.490566:104:Vietnamese,G:0.310441:62960:ALFA,,,,
22,35390880,A>G,snv,5755720,,by-frequency;by-alfa;by-cluster,intron_variant,HMOX1,G:0.30631:1534:1000Genomes,G:0.298876:1914:1000Genomes_30X,G:0.316554:1220:ALSPAC,G:0.360938:1617:Estonian,G:0.4:16:GENOME_DK,G:0.282502:42103:GnomAD_genomes,G:0.314629:314:GoNL,G:0.32853:684:HGDP_Stanford,G:0.284355:538:HapMap,G:0.411604:1206:KOREAN,G:0.401299:2903:Korea4K,G:0.355:213:NorthernSweden,G:0.21875:14:PRJEB36033,G:0.365741:79:Qatari,A:0.383333:115:SGDP_PRJ,A:0.4375:14:Siberian,G:0.40721:31536:TOMMO,G:0.265129:70177:TOPMED,G:0.316882:1175:TWINSUK,A:0.490566:104:Vietnamese,G:0.310441:62960:ALFA,,,,
22,35390880,A>G,snv,5755720,,by-frequency;by-alfa;by-cluster,intron_variant,HMOX1,G:0.30631:1534:1000Genomes,G:0.298876:1914:1000Genomes_30X,G:0.316554:1220:ALSPAC,G:0.360938:1617:Estonian,G:0.4:16:GENOME_DK,G:0.282502:42103:GnomAD_genomes,G:0.314629:314:GoNL,G:0.32853:684:HGDP_Stanford,G:0.284355:538:HapMap,G:0.411604:1206:KOREAN,G:0.401299:2903:Korea4K,G:0.355:213:NorthernSweden,G:0.21875:14:PRJEB36033,G:0.365741:79:Qatari,A:0.383333:115:SGDP_PRJ,A:0.4375:14:Siberian,G:0.40721:31536:TOMMO,G:0.265129:70177:TOPMED,G:0.316882:1175:TWINSUK,A:0.490566:104:Vietnamese,G:0.310441:62960:ALFA,,,,
22,35390880,A>G,snv,5755720,,by-frequency;by-alfa;by-cluster,intron_variant,HMOX1,G:0.30631:1534:1000Genomes,G:0.298876:1914:1000Genomes_30X,G:0.316554:1220:ALSPAC,G:0.360938:1617:Estonian,G:0.4:16:GENOME_DK,G:0.282502:42103:GnomAD_genomes,G:0.314629:314:GoNL,G:0.32853:684:HGDP_Stanford,G:0.284355:538:HapMap,G:0.411604:1206:KOREAN,G:0.401299:2903:Korea4K,G:0.355:213:NorthernSweden,G:0.21875:14:PRJEB36033,G:0.365741:79:Qatari,A:0.383333:115:SGDP_PRJ,A:0.4375:14:Siberian,G:0.40721:31536:TOMMO,G:0.265129:70177:TOPMED,G:0.316882:1175:TWINSUK,A:0.490566:104:Vietnamese,G:0.310441:62960:ALFA,,,,
22,35382968,"A>C,G",snv,5995097,,by-frequency;by-alfa;by-cluster,intron_variant,HMOX1,C:0.035743:179:1000Genomes,C:0.033729:216:1000Genomes_30X,C:0.054748:211:ALSPAC,C:0.06183:277:Estonian,C:0.075:3:GENOME_DK,C:0.041447:6188:GnomAD_genomes,C:0.047094:47:GoNL,C:0.04334:82:HapMap,C:0.081793:239:KOREAN,C:0.076965:141:Korea1K,C:0.079209:573:Korea4K,C:0.039326:21:MGP,C:0.075:45:NorthernSweden,C:0.030655:29:PharmGKB,C:0.018519:4:Qatari,A:0.5:15:SGDP_PRJ,A:0.5:2:Siberian,C:0.071432:5532:TOMMO,C:0.040568:10738:TOPMED,C:0.054477:202:TWINSUK,C:0.018692:4:Vietnamese,C:0.048731:1233:ALFA,,,
22,35382968,"A>C,G",snv,5995097,,by-frequency;by-alfa;by-cluster,intron_variant,HMOX1,C:0.035743:179:1000Genomes,C:0.033729:216:1000Genomes_30X,C:0.054748:211:ALSPAC,C:0.06183:277:Estonian,C:0.075:3:GENOME_DK,C:0.041447:6188:GnomAD_genomes,C:0.047094:47:GoNL,C:0.04334:82:HapMap,C:0.081793:239:KOREAN,C:0.076965:141:Korea1K,C:0.079209:573:Korea4K,C:0.039326:21:MGP,C:0.075:45:NorthernSweden,C:0.030655:29:PharmGKB,C:0.018519:4:Qatari,A:0.5:15:SGDP_PRJ,A:0.5:2:Siberian,C:0.071432:5532:TOMMO,C:0.040568:10738:TOPMED,C:0.054477:202:TWINSUK,C:0.018692:4:Vietnamese,C:0.048731:1233:ALFA,,,
22,35391174,"C>A,G,T",snv,5995098,,by-frequency;by-alfa;by-cluster,intron_variant,HMOX1,G:0.30631:1534:1000Genomes,G:0.29872:1913:1000Genomes_30X,G:0.316554:1220:ALSPAC,G:0.360938:1617:Estonian,G:0.425:17:GENOME_DK,G:0.313627:313:GoNL,G:0.253049:83:HapMap,T:0.:0:KOREAN,G:0.401161:2902:Korea4K,G:0.355:213:NorthernSweden,G:0.365741:79:Qatari,C:0.384106:116:SGDP_PRJ,C:0.4375:14:Siberian,G:0.40712:31529:TOMMO,G:0.265027:70150:TOPMED,G:0.317152:1176:TWINSUK,C:0.481132:102:Vietnamese,T:0.:0:ALFA,,,,,,,
22,35391327,"A>C,G,T",snv,5995100,,by-frequency;by-alfa;by-cluster,intron_variant,HMOX1,G:0.30651:1535:1000Genomes,G:0.298876:1914:1000Genomes_30X,G:0.365788:1638:Estonian,G:0.2841:41911:GnomAD_genomes,G:0.312625:312:GoNL,G:0.413251:1210:KOREAN,G:0.40224:2909:Korea4K,G:0.378333:227:NorthernSweden,G:0.365741:79:Qatari,A:0.384106:116:SGDP_PRJ,A:0.416667:5:Siberian,G:0.408992:31674:TOMMO,G:0.265016:70147:TOPMED,T:0.:0:ALFA,,,,,,,,,,,
22,35390713,A>G,snv,5999815,,by-frequency;by-alfa;by-cluster,intron_variant,HMOX1,G:0.305112:1528:1000Genomes,G:0.29872:1913:1000Genomes_30X,G:0.310067:1195:ALSPAC,G:0.359821:1612:Estonian,G:0.375:15:GENOME_DK,G:0.281874:41949:GnomAD_genomes,G:0.314629:314:GoNL,G:0.411263:1205:KOREAN,G:0.402544:2912:Korea4K,G:0.355:213:NorthernSweden,G:0.241359:18994:PAGE_STUDY,G:0.365741:79:Qatari,A:0.384106:116:SGDP_PRJ,A:0.4375:14:Siberian,G:0.407055:31524:TOMMO,G:0.265103:70170:TOPMED,G:0.31068:1152:TWINSUK,G:0.289285:7489:ALFA,,,,,,,
22,35386520,C>T,snv,6518952,,by-frequency;by-alfa;by-cluster,intron_variant,HMOX1,T:0.130192:652:1000Genomes,T:0.13679:876:1000Genomes_30X,T:0.001557:6:ALSPAC,T:0.099701:14868:GnomAD_genomes,T:0.001002:1:GoNL,T:0.189024:62:HapMap,T:0.043686:128:KOREAN,T:0.045306:83:Korea1K,T:0.048106:348:Korea4K,T:0.005618:3:MGP,T:0.027778:2:PRJEB36033,T:0.087963:19:Qatari,C:0.471429:33:SGDP_PRJ,T:0.047699:3694:TOMMO,T:0.109777:29057:TOPMED,T:0.001348:5:TWINSUK,T:0.032407:7:Vietnamese,T:0.025716:3401:ALFA,,,,,,,
22,35386520,C>T,snv,6518952,,by-frequency;by-alfa;by-cluster,intron_variant,HMOX1,T:0.130192:652:1000Genomes,T:0.13679:876:1000Genomes_30X,T:0.001557:6:ALSPAC,T:0.099701:14868:GnomAD_genomes,T:0.001002:1:GoNL,T:0.189024:62:HapMap,T:0.043686:128:KOREAN,T:0.045306:83:Korea1K,T:0.048106:348:Korea4K,T:0.005618:3:MGP,T:0.027778:2:PRJEB36033,T:0.087963:19:Qatari,C:0.471429:33:SGDP_PRJ,T:0.047699:3694:TOMMO,T:0.109777:29057:TOPMED,T:0.001348:5:TWINSUK,T:0.032407:7:Vietnamese,T:0.025716:3401:ALFA,,,,,,,
22,35383575,G>A,snv,8139532,,by-frequency;by-alfa;by-cluster,intron_variant,HMOX1,A:0.175719:880:1000Genomes,A:0.183479:1175:1000Genomes_30X,A:0.049559:191:ALSPAC,A:0.021652:97:Estonian,A:0.05:2:GENOME_DK,A:0.15417:22991:GnomAD_genomes,A:0.04008:40:GoNL,A:0.348039:71:HapMap,A:0.043345:127:KOREAN,A:0.045306:83:Korea1K,A:0.047968:347:Korea4K,A:0.035:21:NorthernSweden,A:0.152778:33:Qatari,G:0.459016:56:SGDP_PRJ,G:0.5:1:Siberian,A:0.047699:3694:TOMMO,A:0.170464:45120:TOPMED,A:0.062298:231:TWINSUK,A:0.037383:8:Vietnamese,A:0.088029:2715:ALFA,,,,,
22,35383642,T>G,snv,8140370,,by-frequency;by-alfa;by-cluster,intron_variant,HMOX1,G:0.055711:279:1000Genomes,G:0.059963:384:1000Genomes_30X,G:0.000259:1:ALSPAC,G:0.003195:2:Chileans,G:0.053023:7913:GnomAD_genomes,G:0.116232:116:HapMap,G:0.032407:7:Qatari,T:0.464286:13:SGDP_PRJ,G:0.05973:15810:TOPMED,G:0.00027:1:TWINSUK,G:0.027926:796:ALFA,,,,,,,,,,,,,,
22,35383851,T>A,snv,8140669,,by-frequency;by-alfa;by-cluster,intron_variant,HMOX1,A:0.126597:634:1000Genomes,A:0.13273:850:1000Genomes_30X,A:0.001557:6:ALSPAC,A:0.096684:14419:GnomAD_genomes,A:0.001002:1:GoNL,A:0.163975:264:HapMap,A:0.043345:127:KOREAN,A:0.045306:83:Korea1K,A:0.048244:349:Korea4K,A:0.087963:19:Qatari,T:0.473684:36:SGDP_PRJ,A:0.047686:3693:TOMMO,A:0.106324:28143:TOPMED,A:0.001348:5:TWINSUK,A:0.032407:7:Vietnamese,A:0.07233:1043:ALFA,,,,,,,,,
22,35383851,T>A,snv,8140669,,by-frequency;by-alfa;by-cluster,intron_variant,HMOX1,A:0.126597:634:1000Genomes,A:0.13273:850:1000Genomes_30X,A:0.001557:6:ALSPAC,A:0.096684:14419:GnomAD_genomes,A:0.001002:1:GoNL,A:0.163975:264:HapMap,A:0.043345:127:KOREAN,A:0.045306:83:Korea1K,A:0.048244:349:Korea4K,A:0.087963:19:Qatari,T:0.473684:36:SGDP_PRJ,A:0.047686:3693:TOMMO,A:0.106324:28143:TOPMED,A:0.001348:5:TWINSUK,A:0.032407:7:Vietnamese,A:0.07233:1043:ALFA,,,,,,,,,
22,35382285,A>G,snv,9306300,,by-frequency;by-alfa;by-cluster,intron_variant,HMOX1,G:0.183506:919:1000Genomes,G:0.191755:1228:1000Genomes_30X,G:0.04904:189:ALSPAC,G:0.0623:39:Chileans,G:0.021652:97:Estonian,G:0.05:2:GENOME_DK,G:0.161216:24025:GnomAD_genomes,G:0.04008:40:GoNL,G:0.215645:408:HapMap,G:0.043345:127:KOREAN,G:0.045306:83:Korea1K,G:0.047705:345:Korea4K,G:0.035:21:NorthernSweden,G:0.090909:6:PRJEB36033,G:0.152778:33:Qatari,A:0.446154:58:SGDP_PRJ,A:0.5:1:Siberian,G:0.04766:3691:TOMMO,G:0.178216:47172:TOPMED,G:0.061489:228:TWINSUK,G:0.099808:4878:ALFA,,,,
22,35382512,"C>G,T",snv,9306301,,by-frequency;by-alfa;by-cluster,intron_variant,HMOX1,T:0.490415:2456:1000Genomes,T:0.490787:3143:1000Genomes_30X,T:0.45:18:GENOME_DK,T:0.441245:63466:GnomAD_genomes,T:0.349699:349:GoNL,T:0.449829:1318:KOREAN,T:0.435525:3087:Korea4K,T:0.34657:192:NorthernSweden,C:0.481481:104:Qatari,C:0.335938:129:SGDP_PRJ,C:0.384615:10:Siberian,T:0.429371:30366:TOMMO,T:0.442121:117025:TOPMED,T:0.408902:7496:ALFA,,,,,,,,,,,
22,35385214,"T>A,C",snv,9607267,,by-frequency;by-alfa;by-cluster,intron_variant,HMOX1,C:0.303514:1520:1000Genomes,C:0.295753:1894:1000Genomes_30X,C:0.317592:1224:ALSPAC,C:0.356696:1598:Estonian,C:0.4:16:GENOME_DK,C:0.278776:41503:GnomAD_genomes,C:0.313627:313:GoNL,C:0.364078:75:HapMap,C:0.410922:1204:KOREAN,C:0.40249:2910:Korea4K,C:0.355:213:NorthernSweden,C:0.214286:18:PRJEB36033,C:0.365741:79:Qatari,T:0.383333:115:SGDP_PRJ,T:0.4375:14:Siberian,C:0.40774:31577:TOMMO,C:0.261037:69094:TOPMED,C:0.315534:1170:TWINSUK,T:0.5:104:Vietnamese,C:0.300071:6763:ALFA,,,,,
22,35384192,C>T,snv,9610291,,by-frequency;by-alfa;by-cluster,intron_variant,HMOX1,T:0.010783:54:1000Genomes,T:0.010462:67:1000Genomes_30X,T:0.031655:122:ALSPAC,T:0.053348:239:Estonian,T:0.025:1:GENOME_DK,T:0.020859:3112:GnomAD_genomes,T:0.027054:27:GoNL,T:0.001092:2:Korea1K,T:0.018333:11:NorthernSweden,C:0.5:5:SGDP_PRJ,T:0.017435:4615:TOPMED,T:0.032093:119:TWINSUK,T:0.031869:602:ALFA,,,,,,,,,,,,
22,35382760,"C>G,T",snv,9619538,,by-frequency;by-alfa;by-cluster,intron_variant,HMOX1,G:0.183706:920:1000Genomes,G:0.191755:1228:1000Genomes_30X,G:0.049299:190:ALSPAC,G:0.021652:97:Estonian,G:0.05:2:GENOME_DK,G:0.04008:40:GoNL,G:0.043686:128:KOREAN,G:0.045306:83:Korea1K,G:0.047968:347:Korea4K,G:0.035:21:NorthernSweden,G:0.152778:33:Qatari,C:0.446154:58:SGDP_PRJ,C:0.5:1:Siberian,G:0.178133:47150:TOPMED,G:0.061758:229:TWINSUK,G:0.018386:293:ALFA,,,,,,,,,
22,35382760,"C>G,T",snv,9619538,,by-frequency;by-alfa;by-cluster,intron_variant,HMOX1,G:0.183706:920:1000Genomes,G:0.191755:1228:1000Genomes_30X,G:0.049299:190:ALSPAC,G:0.021652:97:Estonian,G:0.05:2:GENOME_DK,G:0.04008:40:GoNL,G:0.043686:128:KOREAN,G:0.045306:83:Korea1K,G:0.047968:347:Korea4K,G:0.035:21:NorthernSweden,G:0.152778:33:Qatari,C:0.446154:58:SGDP_PRJ,C:0.5:1:Siberian,G:0.178133:47150:TOPMED,G:0.061758:229:TWINSUK,G:0.018386:293:ALFA,,,,,,,,,
22,35382760,"C>G,T",snv,9619538,,by-frequency;by-alfa;by-cluster,intron_variant,HMOX1,G:0.183706:920:1000Genomes,G:0.191755:1228:1000Genomes_30X,G:0.049299:190:ALSPAC,G:0.021652:97:Estonian,G:0.05:2:GENOME_DK,G:0.04008:40:GoNL,G:0.043686:128:KOREAN,G:0.045306:83:Korea1K,G:0.047968:347:Korea4K,G:0.035:21:NorthernSweden,G:0.152778:33:Qatari,C:0.446154:58:SGDP_PRJ,C:0.5:1:Siberian,G:0.178133:47150:TOPMED,G:0.061758:229:TWINSUK,G:0.018386:293:ALFA,,,,,,,,,
22,35390970,"G>A,C",snv,9622194,,by-frequency;by-alfa;by-cluster,intron_variant,HMOX1,A:0.154553:774:1000Genomes,A:0.162867:1043:1000Genomes_30X,A:0.001557:6:ALSPAC,A:0.002004:2:GoNL,A:0.043686:128:KOREAN,A:0.045306:83:Korea1K,A:0.048258:349:Korea4K,A:0.106481:23:Qatari,G:0.479167:46:SGDP_PRJ,A:0.047725:3696:TOMMO,A:0.1337:35389:TOPMED,A:0.001348:5:TWINSUK,A:0.032407:7:Vietnamese,A:0.005781:72:ALFA,,,,,,,,,,,
22,35387624,G>A,snv,11912889,,by-frequency;by-alfa;by-cluster,intron_variant,HMOX1,A:0.180112:902:1000Genomes,A:0.188164:1205:1000Genomes_30X,A:0.049299:190:ALSPAC,A:0.021652:97:Estonian,A:0.05:2:GENOME_DK,A:0.157632:23519:GnomAD_genomes,A:0.04008:40:GoNL,A:0.107486:224:HGDP_Stanford,A:0.212474:402:HapMap,A:0.043686:128:KOREAN,A:0.045306:83:Korea1K,A:0.04783:346:Korea4K,A:0.035:21:NorthernSweden,A:0.170732:14:PRJEB36033,A:0.152778:33:Qatari,G:0.453846:59:SGDP_PRJ,G:0.5:1:Siberian,A:0.047725:3696:TOMMO,A:0.174257:46124:TOPMED,A:0.061758:229:TWINSUK,A:0.037736:8:Vietnamese,A:0.079741:5693:ALFA,,,
22,35387624,G>A,snv,11912889,,by-frequency;by-alfa;by-cluster,intron_variant,HMOX1,A:0.180112:902:1000Genomes,A:0.188164:1205:1000Genomes_30X,A:0.049299:190:ALSPAC,A:0.021652:97:Estonian,A:0.05:2:GENOME_DK,A:0.157632:23519:GnomAD_genomes,A:0.04008:40:GoNL,A:0.107486:224:HGDP_Stanford,A:0.212474:402:HapMap,A:0.043686:128:KOREAN,A:0.045306:83:Korea1K,A:0.04783:346:Korea4K,A:0.035:21:NorthernSweden,A:0.170732:14:PRJEB36033,A:0.152778:33:Qatari,G:0.453846:59:SGDP_PRJ,G:0.5:1:Siberian,A:0.047725:3696:TOMMO,A:0.174257:46124:TOPMED,A:0.061758:229:TWINSUK,A:0.037736:8:Vietnamese,A:0.079741:5693:ALFA,,,
22,35382846,"C>G,T",snv,11913097,,by-frequency;by-alfa;by-cluster,intron_variant,HMOX1,T:0.126398:633:1000Genomes,T:0.001557:6:ALSPAC,T:0.001002:1:GoNL,T:0.044057:129:KOREAN,T:0.045306:83:Korea1K,T:0.047856:346:Korea4K,T:0.087963:19:Qatari,C:0.471429:33:SGDP_PRJ,T:0.04761:3687:TOMMO,T:0.106049:28070:TOPMED,T:0.001348:5:TWINSUK,T:0.028302:6:Vietnamese,T:0.015899:207:ALFA,,,,,,,,,,,,
22,35389005,A>G,snv,16995662,,by-frequency;by-alfa;by-cluster,intron_variant,HMOX1,G:0.157149:787:1000Genomes,G:0.165365:1059:1000Genomes_30X,G:0.001557:6:ALSPAC,G:0.120026:17879:GnomAD_genomes,G:0.002004:2:GoNL,G:0.044027:129:KOREAN,G:0.045306:83:Korea1K,G:0.047415:343:Korea4K,G:0.106481:23:Qatari,A:0.46875:45:SGDP_PRJ,G:0.047389:3670:TOMMO,G:0.133741:35400:TOPMED,G:0.001079:4:TWINSUK,G:0.033333:7:Vietnamese,G:0.054553:1439:ALFA,,,,,,,,,,
22,35389005,A>G,snv,16995662,,by-frequency;by-alfa;by-cluster,intron_variant,HMOX1,G:0.157149:787:1000Genomes,G:0.165365:1059:1000Genomes_30X,G:0.001557:6:ALSPAC,G:0.120026:17879:GnomAD_genomes,G:0.002004:2:GoNL,G:0.044027:129:KOREAN,G:0.045306:83:Korea1K,G:0.047415:343:Korea4K,G:0.106481:23:Qatari,A:0.46875:45:SGDP_PRJ,G:0.047389:3670:TOMMO,G:0.133741:35400:TOPMED,G:0.001079:4:TWINSUK,G:0.033333:7:Vietnamese,G:0.054553:1439:ALFA,,,,,,,,,,
22,35389710,G>A,snv,17878790,,by-frequency;by-alfa;by-cluster,intron_variant,HMOX1,A:0.180312:903:1000Genomes,A:0.18832:1206:1000Genomes_30X,A:0.04878:188:ALSPAC,A:0.021652:97:Estonian,A:0.05:2:GENOME_DK,A:0.156773:23299:GnomAD_genomes,A:0.04008:40:GoNL,A:0.043686:128:KOREAN,A:0.045306:83:Korea1K,A:0.047691:345:Korea4K,A:0.009363:5:MGP,A:0.035:21:NorthernSweden,A:0.152778:33:Qatari,G:0.453846:59:SGDP_PRJ,G:0.5:1:Siberian,A:0.048061:3722:TOMMO,A:0.17426:46125:TOPMED,A:0.06014:223:TWINSUK,A:0.03271:7:Vietnamese,A:0.091077:2323:ALFA,,,,,
22,35381863,C>A,snv,17885522,,by-frequency;by-alfa;by-cluster,intron_variant,HMOX1,A:0.183706:920:1000Genomes,A:0.191755:1228:1000Genomes_30X,A:0.049299:190:ALSPAC,A:0.021205:95:Estonian,A:0.05:2:GENOME_DK,A:0.16093:23958:GnomAD_genomes,A:0.04008:40:GoNL,A:0.044027:129:KOREAN,A:0.045306:83:Korea1K,A:0.04783:346:Korea4K,A:0.035:21:NorthernSweden,A:0.152778:33:Qatari,C:0.446154:58:SGDP_PRJ,C:0.5:1:Siberian,A:0.047699:3694:TOMMO,A:0.178152:47155:TOPMED,A:0.061758:229:TWINSUK,A:0.03271:7:Vietnamese,A:0.119599:2696:ALFA,,,,,,
22,35391758,"TTT>-,T,TT,TTTT,TTTTT,TTTTTT",delins,36054326,,by-frequency;by-alfa;by-cluster,intron_variant,HMOX1,T:0.0988:495:1000Genomes,TTTTTTTTTTTT:0.:0:ALFA,,,,,,,,,,,,,,,,,,,,,,,
22,35391758,"TTT>-,T,TT,TTTT,TTTTT,TTTTTT",delins,36054326,,by-frequency;by-alfa;by-cluster,intron_variant,HMOX1,T:0.0988:495:1000Genomes,TTTTTTTTTTTT:0.:0:ALFA,,,,,,,,,,,,,,,,,,,,,,,
22,35391758,"TTT>-,T,TT,TTTT,TTTTT,TTTTTT",delins,36054326,,by-frequency;by-alfa;by-cluster,intron_variant,HMOX1,T:0.0988:495:1000Genomes,TTTTTTTTTTTT:0.:0:ALFA,,,,,,,,,,,,,,,,,,,,,,,
22,35391758,"TTT>-,T,TT,TTTT,TTTTT,TTTTTT",delins,36054326,,by-frequency;by-alfa;by-cluster,intron_variant,HMOX1,T:0.0988:495:1000Genomes,TTTTTTTTTTTT:0.:0:ALFA,,,,,,,,,,,,,,,,,,,,,,,
22,35391758,"TTT>-,T,TT,TTTT,TTTTT,TTTTTT",delins,36054326,,by-frequency;by-alfa;by-cluster,intron_variant,HMOX1,T:0.0988:495:1000Genomes,TTTTTTTTTTTT:0.:0:ALFA,,,,,,,,,,,,,,,,,,,,,,,
22,35388813,"C>A,G",snv,56160651,,by-frequency;by-alfa;by-cluster,intron_variant,HMOX1,A:0.158546:794:1000Genomes,A:0.134621:19372:GnomAD_genomes,A:0.044027:129:KOREAN,A:0.045306:83:Korea1K,A:0.023333:14:NorthernSweden,A:0.134259:29:Qatari,C:0.453846:59:SGDP_PRJ,C:0.5:1:Siberian,A:0.043456:3357:TOMMO,A:0.005517:74:ALFA,,,,,,,,,,,,,,,
22,35385937,"ATTTATTT>-,ATTT,ATTTATTTATTT,ATTTATTTATTTATTT",delins,57667882,,by-frequency;by-alfa;by-cluster,intron_variant,HMOX1,TTTA:0.05331:267:1000Genomes,TTTA:0.05731:367:1000Genomes_30X,TTTA:0.05:2:GENOME_DK,TTTA:0.035:21:NorthernSweden,TTTATTTATTTATTTATTTATTTATTTATTT:0.:0:ALFA,,,,,,,,,,,,,,,,,,,,
22,35385937,"ATTTATTT>-,ATTT,ATTTATTTATTT,ATTTATTTATTTATTT",delins,57667882,,by-frequency;by-alfa;by-cluster,intron_variant,HMOX1,TTTA:0.05331:267:1000Genomes,TTTA:0.05731:367:1000Genomes_30X,TTTA:0.05:2:GENOME_DK,TTTA:0.035:21:NorthernSweden,TTTATTTATTTATTTATTTATTTATTTATTT:0.:0:ALFA,,,,,,,,,,,,,,,,,,,,
22,35385937,"ATTTATTT>-,ATTT,ATTTATTTATTT,ATTTATTTATTTATTT",delins,57667882,,by-frequency;by-alfa;by-cluster,intron_variant,HMOX1,TTTA:0.05331:267:1000Genomes,TTTA:0.05731:367:1000Genomes_30X,TTTA:0.05:2:GENOME_DK,TTTA:0.035:21:NorthernSweden,TTTATTTATTTATTTATTTATTTATTTATTT:0.:0:ALFA,,,,,,,,,,,,,,,,,,,,
22,35382518,"TTTTTTT>-,TTT,TTTT,TTTTT,TTTTTT,TTTTTTTT,TTTTTTTTT,TTTTTTTTTT,TTTTTTTTTTT,TTTTTTTTTTTT,TTTTTTTTTTTTTTT",delins,58712001,,by-frequency;by-alfa;by-cluster,intron_variant,HMOX1,-:0.05811:291:1000Genomes,-:0.075:3:GENOME_DK,TTTTTTTTTTTTTT:0.:0:ALFA,,,,,,,,,,,,,,,,,,,,,,
22,35382518,"TTTTTTT>-,TTT,TTTT,TTTTT,TTTTTT,TTTTTTTT,TTTTTTTTT,TTTTTTTTTT,TTTTTTTTTTT,TTTTTTTTTTTT,TTTTTTTTTTTTTTT",delins,58712001,,by-frequency;by-alfa;by-cluster,intron_variant,HMOX1,-:0.05811:291:1000Genomes,-:0.075:3:GENOME_DK,TTTTTTTTTTTTTT:0.:0:ALFA,,,,,,,,,,,,,,,,,,,,,,
22,35382518,"TTTTTTT>-,TTT,TTTT,TTTTT,TTTTTT,TTTTTTTT,TTTTTTTTT,TTTTTTTTTT,TTTTTTTTTTT,TTTTTTTTTTTT,TTTTTTTTTTTTTTT",delins,58712001,,by-frequency;by-alfa;by-cluster,intron_variant,HMOX1,-:0.05811:291:1000Genomes,-:0.075:3:GENOME_DK,TTTTTTTTTTTTTT:0.:0:ALFA,,,,,,,,,,,,,,,,,,,,,,
22,35382518,"TTTTTTT>-,TTT,TTTT,TTTTT,TTTTTT,TTTTTTTT,TTTTTTTTT,TTTTTTTTTT,TTTTTTTTTTT,TTTTTTTTTTTT,TTTTTTTTTTTTTTT",delins,58712001,,by-frequency;by-alfa;by-cluster,intron_variant,HMOX1,-:0.05811:291:1000Genomes,-:0.075:3:GENOME_DK,TTTTTTTTTTTTTT:0.:0:ALFA,,,,,,,,,,,,,,,,,,,,,,
22,35388131,"->A,AA",delins,61701901,,by-frequency;by-alfa;by-cluster,intron_variant,HMOX1,A:0.174521:874:1000Genomes,A:0.188944:1210:1000Genomes_30X,A:0.04904:189:ALSPAC,A:0.05:2:GENOME_DK,A:0.157721:23420:GnomAD_genomes,A:0.04008:40:GoNL,A:0.045306:83:Korea1K,A:0.04783:346:Korea4K,A:0.033333:20:NorthernSweden,A:0.047673:3692:TOMMO,A:0.061219:227:TWINSUK,AAAAAAAA:0.110948:1812:ALFA,,,,,,,,,,,,,
22,35388131,"->A,AA",delins,61701901,,by-frequency;by-alfa;by-cluster,intron_variant,HMOX1,A:0.174521:874:1000Genomes,A:0.188944:1210:1000Genomes_30X,A:0.04904:189:ALSPAC,A:0.05:2:GENOME_DK,A:0.157721:23420:GnomAD_genomes,A:0.04008:40:GoNL,A:0.045306:83:Korea1K,A:0.04783:346:Korea4K,A:0.033333:20:NorthernSweden,A:0.047673:3692:TOMMO,A:0.061219:227:TWINSUK,AAAAAAAA:0.110948:1812:ALFA,,,,,,,,,,,,,
22,35388131,"->A,AA",delins,61701901,,by-frequency;by-alfa;by-cluster,intron_variant,HMOX1,A:0.174521:874:1000Genomes,A:0.188944:1210:1000Genomes_30X,A:0.04904:189:ALSPAC,A:0.05:2:GENOME_DK,A:0.157721:23420:GnomAD_genomes,A:0.04008:40:GoNL,A:0.045306:83:Korea1K,A:0.04783:346:Korea4K,A:0.033333:20:NorthernSweden,A:0.047673:3692:TOMMO,A:0.061219:227:TWINSUK,AAAAAAAA:0.110948:1812:ALFA,,,,,,,,,,,,,
22,35388131,"->A,AA",delins,61701901,,by-frequency;by-alfa;by-cluster,intron_variant,HMOX1,A:0.174521:874:1000Genomes,A:0.188944:1210:1000Genomes_30X,A:0.04904:189:ALSPAC,A:0.05:2:GENOME_DK,A:0.157721:23420:GnomAD_genomes,A:0.04008:40:GoNL,A:0.045306:83:Korea1K,A:0.04783:346:Korea4K,A:0.033333:20:NorthernSweden,A:0.047673:3692:TOMMO,A:0.061219:227:TWINSUK,AAAAAAAA:0.110948:1812:ALFA,,,,,,,,,,,,,
22,35388288,"A>-,AA",delins,74937729,,by-frequency;by-alfa;by-cluster,intron_variant,HMOX1,-:0.03734:187:1000Genomes,-:0.035447:227:1000Genomes_30X,-:0.057084:220:ALSPAC,-:0.061384:275:Estonian,-:0.075:3:GENOME_DK,-:0.043345:6444:GnomAD_genomes,-:0.047094:47:GoNL,-:0.076965:141:Korea1K,-:0.07771:562:Korea4K,-:0.075:45:NorthernSweden,-:0.070825:5485:TOMMO,-:0.042503:11250:TOPMED,-:0.054746:203:TWINSUK,AAAAAA:0.050972:944:ALFA,,,,,,,,,,,
22,35388288,"A>-,AA",delins,74937729,,by-frequency;by-alfa;by-cluster,intron_variant,HMOX1,-:0.03734:187:1000Genomes,-:0.035447:227:1000Genomes_30X,-:0.057084:220:ALSPAC,-:0.061384:275:Estonian,-:0.075:3:GENOME_DK,-:0.043345:6444:GnomAD_genomes,-:0.047094:47:GoNL,-:0.076965:141:Korea1K,-:0.07771:562:Korea4K,-:0.075:45:NorthernSweden,-:0.070825:5485:TOMMO,-:0.042503:11250:TOPMED,-:0.054746:203:TWINSUK,AAAAAA:0.050972:944:ALFA,,,,,,,,,,,
22,35388288,"A>-,AA",delins,74937729,,by-frequency;by-alfa;by-cluster,intron_variant,HMOX1,-:0.03734:187:1000Genomes,-:0.035447:227:1000Genomes_30X,-:0.057084:220:ALSPAC,-:0.061384:275:Estonian,-:0.075:3:GENOME_DK,-:0.043345:6444:GnomAD_genomes,-:0.047094:47:GoNL,-:0.076965:141:Korea1K,-:0.07771:562:Korea4K,-:0.075:45:NorthernSweden,-:0.070825:5485:TOMMO,-:0.042503:11250:TOPMED,-:0.054746:203:TWINSUK,AAAAAA:0.050972:944:ALFA,,,,,,,,,,,
22,35391284,"TTTTTGGTTTTTTTTTTTT>-,T,TTTTTGGTTTTTTTTTTTTTTTTGGTTTTTTTTTTTT",delins,79947728,,by-frequency;by-alfa;by-cluster,intron_variant,HMOX1,-:0.30651:1535:1000Genomes,-:0.298876:1914:1000Genomes_30X,TTTTTTTGGTTTTTTTTT:0.2:8:GENOME_DK,-:0.286578:41916:GnomAD_genomes,-:0.407301:31543:TOMMO,TTT:0.099743:1629:ALFA,,,,,,,,,,,,,,,,,,,
22,35391284,"TTTTTGGTTTTTTTTTTTT>-,T,TTTTTGGTTTTTTTTTTTTTTTTGGTTTTTTTTTTTT",delins,79947728,,by-frequency;by-alfa;by-cluster,intron_variant,HMOX1,-:0.30651:1535:1000Genomes,-:0.298876:1914:1000Genomes_30X,TTTTTTTGGTTTTTTTTT:0.2:8:GENOME_DK,-:0.286578:41916:GnomAD_genomes,-:0.407301:31543:TOMMO,TTT:0.099743:1629:ALFA,,,,,,,,,,,,,,,,,,,
22,35391284,"TTTTTGGTTTTTTTTTTTT>-,T,TTTTTGGTTTTTTTTTTTTTTTTGGTTTTTTTTTTTT",delins,79947728,,by-frequency;by-alfa;by-cluster,intron_variant,HMOX1,-:0.30651:1535:1000Genomes,-:0.298876:1914:1000Genomes_30X,TTTTTTTGGTTTTTTTTT:0.2:8:GENOME_DK,-:0.286578:41916:GnomAD_genomes,-:0.407301:31543:TOMMO,TTT:0.099743:1629:ALFA,,,,,,,,,,,,,,,,,,,
22,35390011,"TGGCTGTCTGACT>-,TGGCTGTCTGACTTGGCTGTCTGACT",delins,143430077,,by-frequency;by-alfa;by-cluster,intron_variant,HMOX1,-:0.0305511:153:1000Genomes,-:0.0292005:187:1000Genomes_30X,-:0.0563051:217:ALSPAC,-:0.0616071:276:Estonian,-:0.0389468:2303:ExAC,-:0.0478752:51239:GnomAD_exomes,-:0.0397639:5935:GnomAD_genomes,-:0.0379079:474:GoESP,-:0.0460922:46:GoNL,-:0.0540393:99:Korea1K,-:0.0598562:433:Korea4K,-:0.075:45:NorthernSweden,-:0.0583777:4521:TOMMO,-:0.0390797:10344:TOPMED,-:0.0536677:199:TWINSUK,GACT:0.0452959:1246:ALFA,,,,,,,,,
22,35388467,"CAAAAACAAAAA>-,CAAAAA,CAAAAACAAAAACAAAAA",delins,147359911,,by-frequency;by-alfa;by-cluster,intron_variant,HMOX1,-:0.02256:113:1000Genomes,-:0.02405:154:1000Genomes_30X,AAAAAC:0.00028:2:Korea4K,AAAAAC:0.0012:93:TOMMO,AAAAACAAAAACAAAAA:0.:0:ALFA,,,,,,,,,,,,,,,,,,,,
22,35388467,"CAAAAACAAAAA>-,CAAAAA,CAAAAACAAAAACAAAAA",delins,147359911,,by-frequency;by-alfa;by-cluster,intron_variant,HMOX1,-:0.02256:113:1000Genomes,-:0.02405:154:1000Genomes_30X,AAAAAC:0.00028:2:Korea4K,AAAAAC:0.0012:93:TOMMO,AAAAACAAAAACAAAAA:0.:0:ALFA,,,,,,,,,,,,,,,,,,,,
22,35388467,"CAAAAACAAAAA>-,CAAAAA,CAAAAACAAAAACAAAAA",delins,147359911,,by-frequency;by-alfa;by-cluster,intron_variant,HMOX1,-:0.02256:113:1000Genomes,-:0.02405:154:1000Genomes_30X,AAAAAC:0.00028:2:Korea4K,AAAAAC:0.0012:93:TOMMO,AAAAACAAAAACAAAAA:0.:0:ALFA,,,,,,,,,,,,,,,,,,,,
22,35384372,C>-,delins,148970307,,by-frequency;by-alfa;by-cluster,intron_variant,HMOX1,-:0.021965:110:1000Genomes,-:0.023579:151:1000Genomes_30X,-:0.017338:2585:GnomAD_genomes,-:0.001002:1:GoNL,-:0.019929:5275:TOPMED,CC:0.012384:174:ALFA,,,,,,,,,,,,,,,,,,,
22,35384372,C>-,delins,148970307,,by-frequency;by-alfa;by-cluster,intron_variant,HMOX1,-:0.021965:110:1000Genomes,-:0.023579:151:1000Genomes_30X,-:0.017338:2585:GnomAD_genomes,-:0.001002:1:GoNL,-:0.019929:5275:TOPMED,CC:0.012384:174:ALFA,,,,,,,,,,,,,,,,,,,
22,35381773,"T>-,TT,TTT",delins,201144489,,by-frequency;by-alfa;by-cluster,intron_variant,HMOX1,-:0.09465:474:1000Genomes,-:0.05:2:GENOME_DK,TTTTTTTTTT:0.00345:50:ALFA,,,,,,,,,,,,,,,,,,,,,,
22,35381773,"T>-,TT,TTT",delins,201144489,,by-frequency;by-alfa;by-cluster,intron_variant,HMOX1,-:0.09465:474:1000Genomes,-:0.05:2:GENOME_DK,TTTTTTTTTT:0.00345:50:ALFA,,,,,,,,,,,,,,,,,,,,,,
22,35381773,"T>-,TT,TTT",delins,201144489,,by-frequency;by-alfa;by-cluster,intron_variant,HMOX1,-:0.09465:474:1000Genomes,-:0.05:2:GENOME_DK,TTTTTTTTTT:0.00345:50:ALFA,,,,,,,,,,,,,,,,,,,,,,